rank,cds_pos_1based,aa_pos_1based,aa_window,target_sense_5to3,antisense_5to3,gc_pct,reynolds_score,ui_tei_au_seed,accessibility_0to1,conservation_avg_nonhuman,conservation_chimp,conservation_mouse,conservation_rat,composite_score
1,1561,521,LPLPDTI,CTACCTTTGCCAGATACTATA,UAUAGUAUCUGGCAAAGGUAG,38.1,6,6,0.63,100.0,100.0,100.0,100.0,81.09
2,1039,347,RFRTCIS,CGTTTCAGGACATGTATTTCA,UGAAAUACAUGUCCUGAAACG,38.1,8,6,0.44,81.0,100.0,71.4,71.4,78.13
3,969,323,AMREELS,AATGCGCGAAGAGCTATCAAT,AUUGAUAGCUCUUCGCGCAUU,42.9,7,6,0.63,76.2,100.0,71.4,57.1,77.7
4,1115,372,QALGSNI,AGGCATTGGGAAGCAATATCT,AGAUAUUGCUUCCCAAUGCCU,42.9,6,6,0.37,100.0,100.0,100.0,100.0,74.59
5,603,201,LFRFLLA,ATTTCGATTCCTCCTGGCTTT,AAAGCCAGGAGGAAUCGAAAU,42.9,7,4,0.4,95.2,100.0,100.0,85.7,73.38
6,507,169,RFGRRLV,GTTCGGTAGAAGACTTGTTCT,AGAACAAGUCUUCUACCGAAC,42.9,7,5,0.29,90.5,100.0,85.7,85.7,71.34
7,362,121,VYDRSIF,TTTACGATAGAAGCATCTTCA,UGAAGAUGCUUCUAUCGUAAA,33.3,8,5,0.18,81.0,100.0,71.4,71.4,69.49
8,1447,483,GPLVRLL,GGACCACTTGTAAGACTTCTC,GAGAAGUCUUACAAGUGGUCC,47.6,5,4,0.44,100.0,100.0,100.0,100.0,68.31
9,212,71,ALLAISI,CCCTATTAGCCATTTCCATAC,GUAUGGAAAUGGCUAAUAGGG,42.9,5,4,0.67,76.2,85.7,71.4,71.4,66.92
10,1358,453,TIYSSEL,CAATCTACTCTAGTGAGTTGT,ACAACUCACUAGAGUAGAUUG,38.1,7,4,0.18,90.5,100.0,85.7,85.7,66.45
