sequence_id,sp,scaffold_base,propeptide,nglyc,protein_length
sp_SPalpA__sb_direct_3xAla_pts1blk__prop_long_kex2_pro__nglyc_nglyc_ablated,SPalpA,direct_3xAla_pts1blk,long_kex2_pro,nglyc_ablated,285
sp_SPalpA__sb_direct_3xAla_pts1blk__prop_long_kex2_pro__nglyc_nglyc_native,SPalpA,direct_3xAla_pts1blk,long_kex2_pro,nglyc_native,285
sp_SPalpA__sb_direct_3xAla_pts1blk__prop_none__nglyc_nglyc_ablated,SPalpA,direct_3xAla_pts1blk,none,nglyc_ablated,274
sp_SPalpA__sb_direct_3xAla_pts1blk__prop_none__nglyc_nglyc_native,SPalpA,direct_3xAla_pts1blk,none,nglyc_native,274
sp_SPalpA__sb_direct_3xAla_pts1blk__prop_short_kex2_pro__nglyc_nglyc_ablated,SPalpA,direct_3xAla_pts1blk,short_kex2_pro,nglyc_ablated,280
sp_SPalpA__sb_direct_3xAla_pts1blk__prop_short_kex2_pro__nglyc_nglyc_native,SPalpA,direct_3xAla_pts1blk,short_kex2_pro,nglyc_native,280
sp_SPalpA__sb_direct_his6_pts1ok__prop_long_kex2_pro__nglyc_nglyc_ablated,SPalpA,direct_his6_pts1ok,long_kex2_pro,nglyc_ablated,288
sp_SPalpA__sb_direct_his6_pts1ok__prop_long_kex2_pro__nglyc_nglyc_native,SPalpA,direct_his6_pts1ok,long_kex2_pro,nglyc_native,288
sp_SPalpA__sb_direct_his6_pts1ok__prop_none__nglyc_nglyc_ablated,SPalpA,direct_his6_pts1ok,none,nglyc_ablated,277
sp_SPalpA__sb_direct_his6_pts1ok__prop_none__nglyc_nglyc_native,SPalpA,direct_his6_pts1ok,none,nglyc_native,277
sp_SPalpA__sb_direct_his6_pts1ok__prop_short_kex2_pro__nglyc_nglyc_ablated,SPalpA,direct_his6_pts1ok,short_kex2_pro,nglyc_ablated,283
sp_SPalpA__sb_direct_his6_pts1ok__prop_short_kex2_pro__nglyc_nglyc_native,SPalpA,direct_his6_pts1ok,short_kex2_pro,nglyc_native,283
sp_SPalpA__sb_direct_natag_pts1ok__prop_long_kex2_pro__nglyc_nglyc_ablated,SPalpA,direct_natag_pts1ok,long_kex2_pro,nglyc_ablated,282
sp_SPalpA__sb_direct_natag_pts1ok__prop_long_kex2_pro__nglyc_nglyc_native,SPalpA,direct_natag_pts1ok,long_kex2_pro,nglyc_native,282
sp_SPalpA__sb_direct_natag_pts1ok__prop_none__nglyc_nglyc_ablated,SPalpA,direct_natag_pts1ok,none,nglyc_ablated,271
sp_SPalpA__sb_direct_natag_pts1ok__prop_none__nglyc_nglyc_native,SPalpA,direct_natag_pts1ok,none,nglyc_native,271
sp_SPalpA__sb_direct_natag_pts1ok__prop_short_kex2_pro__nglyc_nglyc_ablated,SPalpA,direct_natag_pts1ok,short_kex2_pro,nglyc_ablated,277
sp_SPalpA__sb_direct_natag_pts1ok__prop_short_kex2_pro__nglyc_nglyc_native,SPalpA,direct_natag_pts1ok,short_kex2_pro,nglyc_native,277
sp_SPalpA__sb_glaA_KRGGG_3xAla__prop_long_kex2_pro__nglyc_nglyc_ablated,SPalpA,glaA_KRGGG_3xAla,long_kex2_pro,nglyc_ablated,285
sp_SPalpA__sb_glaA_KRGGG_3xAla__prop_long_kex2_pro__nglyc_nglyc_native,SPalpA,glaA_KRGGG_3xAla,long_kex2_pro,nglyc_native,285
sp_SPalpA__sb_glaA_KRGGG_3xAla__prop_none__nglyc_nglyc_ablated,SPalpA,glaA_KRGGG_3xAla,none,nglyc_ablated,274
sp_SPalpA__sb_glaA_KRGGG_3xAla__prop_none__nglyc_nglyc_native,SPalpA,glaA_KRGGG_3xAla,none,nglyc_native,274
sp_SPalpA__sb_glaA_KRGGG_3xAla__prop_short_kex2_pro__nglyc_nglyc_ablated,SPalpA,glaA_KRGGG_3xAla,short_kex2_pro,nglyc_ablated,280
sp_SPalpA__sb_glaA_KRGGG_3xAla__prop_short_kex2_pro__nglyc_nglyc_native,SPalpA,glaA_KRGGG_3xAla,short_kex2_pro,nglyc_native,280
sp_SPalpA__sb_glaA_KRGGG_pts1ok__prop_long_kex2_pro__nglyc_nglyc_ablated,SPalpA,glaA_KRGGG_pts1ok,long_kex2_pro,nglyc_ablated,282
sp_SPalpA__sb_glaA_KRGGG_pts1ok__prop_long_kex2_pro__nglyc_nglyc_native,SPalpA,glaA_KRGGG_pts1ok,long_kex2_pro,nglyc_native,282
sp_SPalpA__sb_glaA_KRGGG_pts1ok__prop_none__nglyc_nglyc_ablated,SPalpA,glaA_KRGGG_pts1ok,none,nglyc_ablated,271
sp_SPalpA__sb_glaA_KRGGG_pts1ok__prop_none__nglyc_nglyc_native,SPalpA,glaA_KRGGG_pts1ok,none,nglyc_native,271
sp_SPalpA__sb_glaA_KRGGG_pts1ok__prop_short_kex2_pro__nglyc_nglyc_ablated,SPalpA,glaA_KRGGG_pts1ok,short_kex2_pro,nglyc_ablated,277
sp_SPalpA__sb_glaA_KRGGG_pts1ok__prop_short_kex2_pro__nglyc_nglyc_native,SPalpA,glaA_KRGGG_pts1ok,short_kex2_pro,nglyc_native,277
sp_SPalpA__sb_glaA_KR_3xAla__prop_long_kex2_pro__nglyc_nglyc_ablated,SPalpA,glaA_KR_3xAla,long_kex2_pro,nglyc_ablated,285
sp_SPalpA__sb_glaA_KR_3xAla__prop_long_kex2_pro__nglyc_nglyc_native,SPalpA,glaA_KR_3xAla,long_kex2_pro,nglyc_native,285
sp_SPalpA__sb_glaA_KR_3xAla__prop_none__nglyc_nglyc_ablated,SPalpA,glaA_KR_3xAla,none,nglyc_ablated,274
sp_SPalpA__sb_glaA_KR_3xAla__prop_none__nglyc_nglyc_native,SPalpA,glaA_KR_3xAla,none,nglyc_native,274
sp_SPalpA__sb_glaA_KR_3xAla__prop_short_kex2_pro__nglyc_nglyc_ablated,SPalpA,glaA_KR_3xAla,short_kex2_pro,nglyc_ablated,280
sp_SPalpA__sb_glaA_KR_3xAla__prop_short_kex2_pro__nglyc_nglyc_native,SPalpA,glaA_KR_3xAla,short_kex2_pro,nglyc_native,280
sp_SPalpA__sb_glaA_KR_pts1ok__prop_long_kex2_pro__nglyc_nglyc_ablated,SPalpA,glaA_KR_pts1ok,long_kex2_pro,nglyc_ablated,282
sp_SPalpA__sb_glaA_KR_pts1ok__prop_long_kex2_pro__nglyc_nglyc_native,SPalpA,glaA_KR_pts1ok,long_kex2_pro,nglyc_native,282
sp_SPalpA__sb_glaA_KR_pts1ok__prop_none__nglyc_nglyc_ablated,SPalpA,glaA_KR_pts1ok,none,nglyc_ablated,271
sp_SPalpA__sb_glaA_KR_pts1ok__prop_none__nglyc_nglyc_native,SPalpA,glaA_KR_pts1ok,none,nglyc_native,271
sp_SPalpA__sb_glaA_KR_pts1ok__prop_short_kex2_pro__nglyc_nglyc_ablated,SPalpA,glaA_KR_pts1ok,short_kex2_pro,nglyc_ablated,277
sp_SPalpA__sb_glaA_KR_pts1ok__prop_short_kex2_pro__nglyc_nglyc_native,SPalpA,glaA_KR_pts1ok,short_kex2_pro,nglyc_native,277
sp_SPalpA__sb_glaA_trunc_KR_3xAla__prop_long_kex2_pro__nglyc_nglyc_ablated,SPalpA,glaA_trunc_KR_3xAla,long_kex2_pro,nglyc_ablated,285
sp_SPalpA__sb_glaA_trunc_KR_3xAla__prop_long_kex2_pro__nglyc_nglyc_native,SPalpA,glaA_trunc_KR_3xAla,long_kex2_pro,nglyc_native,285
sp_SPalpA__sb_glaA_trunc_KR_3xAla__prop_none__nglyc_nglyc_ablated,SPalpA,glaA_trunc_KR_3xAla,none,nglyc_ablated,274
sp_SPalpA__sb_glaA_trunc_KR_3xAla__prop_none__nglyc_nglyc_native,SPalpA,glaA_trunc_KR_3xAla,none,nglyc_native,274
sp_SPalpA__sb_glaA_trunc_KR_3xAla__prop_short_kex2_pro__nglyc_nglyc_ablated,SPalpA,glaA_trunc_KR_3xAla,short_kex2_pro,nglyc_ablated,280
sp_SPalpA__sb_glaA_trunc_KR_3xAla__prop_short_kex2_pro__nglyc_nglyc_native,SPalpA,glaA_trunc_KR_3xAla,short_kex2_pro,nglyc_native,280
sp_SPalpA__sb_glaA_trunc_KR_pts1ok__prop_long_kex2_pro__nglyc_nglyc_ablated,SPalpA,glaA_trunc_KR_pts1ok,long_kex2_pro,nglyc_ablated,282
sp_SPalpA__sb_glaA_trunc_KR_pts1ok__prop_long_kex2_pro__nglyc_nglyc_native,SPalpA,glaA_trunc_KR_pts1ok,long_kex2_pro,nglyc_native,282
sp_SPalpA__sb_glaA_trunc_KR_pts1ok__prop_none__nglyc_nglyc_ablated,SPalpA,glaA_trunc_KR_pts1ok,none,nglyc_ablated,271
sp_SPalpA__sb_glaA_trunc_KR_pts1ok__prop_none__nglyc_nglyc_native,SPalpA,glaA_trunc_KR_pts1ok,none,nglyc_native,271
sp_SPalpA__sb_glaA_trunc_KR_pts1ok__prop_short_kex2_pro__nglyc_nglyc_ablated,SPalpA,glaA_trunc_KR_pts1ok,short_kex2_pro,nglyc_ablated,277
sp_SPalpA__sb_glaA_trunc_KR_pts1ok__prop_short_kex2_pro__nglyc_nglyc_native,SPalpA,glaA_trunc_KR_pts1ok,short_kex2_pro,nglyc_native,277
sp_SPalpA__sb_tandem_KEX2_pts1ok__prop_long_kex2_pro__nglyc_nglyc_ablated,SPalpA,tandem_KEX2_pts1ok,long_kex2_pro,nglyc_ablated,282
sp_SPalpA__sb_tandem_KEX2_pts1ok__prop_long_kex2_pro__nglyc_nglyc_native,SPalpA,tandem_KEX2_pts1ok,long_kex2_pro,nglyc_native,282
sp_SPalpA__sb_tandem_KEX2_pts1ok__prop_none__nglyc_nglyc_ablated,SPalpA,tandem_KEX2_pts1ok,none,nglyc_ablated,271
sp_SPalpA__sb_tandem_KEX2_pts1ok__prop_none__nglyc_nglyc_native,SPalpA,tandem_KEX2_pts1ok,none,nglyc_native,271
sp_SPalpA__sb_tandem_KEX2_pts1ok__prop_short_kex2_pro__nglyc_nglyc_ablated,SPalpA,tandem_KEX2_pts1ok,short_kex2_pro,nglyc_ablated,277
sp_SPalpA__sb_tandem_KEX2_pts1ok__prop_short_kex2_pro__nglyc_nglyc_native,SPalpA,tandem_KEX2_pts1ok,short_kex2_pro,nglyc_native,277
sp_SPalpA_pro__sb_direct_3xAla_pts1blk__prop_long_kex2_pro__nglyc_nglyc_ablated,SPalpA_pro,direct_3xAla_pts1blk,long_kex2_pro,nglyc_ablated,299
sp_SPalpA_pro__sb_direct_3xAla_pts1blk__prop_long_kex2_pro__nglyc_nglyc_native,SPalpA_pro,direct_3xAla_pts1blk,long_kex2_pro,nglyc_native,299
sp_SPalpA_pro__sb_direct_3xAla_pts1blk__prop_none__nglyc_nglyc_ablated,SPalpA_pro,direct_3xAla_pts1blk,none,nglyc_ablated,288
sp_SPalpA_pro__sb_direct_3xAla_pts1blk__prop_none__nglyc_nglyc_native,SPalpA_pro,direct_3xAla_pts1blk,none,nglyc_native,288
sp_SPalpA_pro__sb_direct_3xAla_pts1blk__prop_short_kex2_pro__nglyc_nglyc_ablated,SPalpA_pro,direct_3xAla_pts1blk,short_kex2_pro,nglyc_ablated,294
sp_SPalpA_pro__sb_direct_3xAla_pts1blk__prop_short_kex2_pro__nglyc_nglyc_native,SPalpA_pro,direct_3xAla_pts1blk,short_kex2_pro,nglyc_native,294
sp_SPalpA_pro__sb_direct_his6_pts1ok__prop_long_kex2_pro__nglyc_nglyc_ablated,SPalpA_pro,direct_his6_pts1ok,long_kex2_pro,nglyc_ablated,302
sp_SPalpA_pro__sb_direct_his6_pts1ok__prop_long_kex2_pro__nglyc_nglyc_native,SPalpA_pro,direct_his6_pts1ok,long_kex2_pro,nglyc_native,302
sp_SPalpA_pro__sb_direct_his6_pts1ok__prop_none__nglyc_nglyc_ablated,SPalpA_pro,direct_his6_pts1ok,none,nglyc_ablated,291
sp_SPalpA_pro__sb_direct_his6_pts1ok__prop_none__nglyc_nglyc_native,SPalpA_pro,direct_his6_pts1ok,none,nglyc_native,291
sp_SPalpA_pro__sb_direct_his6_pts1ok__prop_short_kex2_pro__nglyc_nglyc_ablated,SPalpA_pro,direct_his6_pts1ok,short_kex2_pro,nglyc_ablated,297
sp_SPalpA_pro__sb_direct_his6_pts1ok__prop_short_kex2_pro__nglyc_nglyc_native,SPalpA_pro,direct_his6_pts1ok,short_kex2_pro,nglyc_native,297
sp_SPalpA_pro__sb_direct_natag_pts1ok__prop_long_kex2_pro__nglyc_nglyc_ablated,SPalpA_pro,direct_natag_pts1ok,long_kex2_pro,nglyc_ablated,296
sp_SPalpA_pro__sb_direct_natag_pts1ok__prop_long_kex2_pro__nglyc_nglyc_native,SPalpA_pro,direct_natag_pts1ok,long_kex2_pro,nglyc_native,296
sp_SPalpA_pro__sb_direct_natag_pts1ok__prop_none__nglyc_nglyc_ablated,SPalpA_pro,direct_natag_pts1ok,none,nglyc_ablated,285
sp_SPalpA_pro__sb_direct_natag_pts1ok__prop_none__nglyc_nglyc_native,SPalpA_pro,direct_natag_pts1ok,none,nglyc_native,285
sp_SPalpA_pro__sb_direct_natag_pts1ok__prop_short_kex2_pro__nglyc_nglyc_ablated,SPalpA_pro,direct_natag_pts1ok,short_kex2_pro,nglyc_ablated,291
sp_SPalpA_pro__sb_direct_natag_pts1ok__prop_short_kex2_pro__nglyc_nglyc_native,SPalpA_pro,direct_natag_pts1ok,short_kex2_pro,nglyc_native,291
sp_SPalpA_pro__sb_glaA_KRGGG_3xAla__prop_long_kex2_pro__nglyc_nglyc_ablated,SPalpA_pro,glaA_KRGGG_3xAla,long_kex2_pro,nglyc_ablated,299
sp_SPalpA_pro__sb_glaA_KRGGG_3xAla__prop_long_kex2_pro__nglyc_nglyc_native,SPalpA_pro,glaA_KRGGG_3xAla,long_kex2_pro,nglyc_native,299
sp_SPalpA_pro__sb_glaA_KRGGG_3xAla__prop_none__nglyc_nglyc_ablated,SPalpA_pro,glaA_KRGGG_3xAla,none,nglyc_ablated,288
sp_SPalpA_pro__sb_glaA_KRGGG_3xAla__prop_none__nglyc_nglyc_native,SPalpA_pro,glaA_KRGGG_3xAla,none,nglyc_native,288
sp_SPalpA_pro__sb_glaA_KRGGG_3xAla__prop_short_kex2_pro__nglyc_nglyc_ablated,SPalpA_pro,glaA_KRGGG_3xAla,short_kex2_pro,nglyc_ablated,294
sp_SPalpA_pro__sb_glaA_KRGGG_3xAla__prop_short_kex2_pro__nglyc_nglyc_native,SPalpA_pro,glaA_KRGGG_3xAla,short_kex2_pro,nglyc_native,294
sp_SPalpA_pro__sb_glaA_KRGGG_pts1ok__prop_long_kex2_pro__nglyc_nglyc_ablated,SPalpA_pro,glaA_KRGGG_pts1ok,long_kex2_pro,nglyc_ablated,296
sp_SPalpA_pro__sb_glaA_KRGGG_pts1ok__prop_long_kex2_pro__nglyc_nglyc_native,SPalpA_pro,glaA_KRGGG_pts1ok,long_kex2_pro,nglyc_native,296
sp_SPalpA_pro__sb_glaA_KRGGG_pts1ok__prop_none__nglyc_nglyc_ablated,SPalpA_pro,glaA_KRGGG_pts1ok,none,nglyc_ablated,285
sp_SPalpA_pro__sb_glaA_KRGGG_pts1ok__prop_none__nglyc_nglyc_native,SPalpA_pro,glaA_KRGGG_pts1ok,none,nglyc_native,285
sp_SPalpA_pro__sb_glaA_KRGGG_pts1ok__prop_short_kex2_pro__nglyc_nglyc_ablated,SPalpA_pro,glaA_KRGGG_pts1ok,short_kex2_pro,nglyc_ablated,291
sp_SPalpA_pro__sb_glaA_KRGGG_pts1ok__prop_short_kex2_pro__nglyc_nglyc_native,SPalpA_pro,glaA_KRGGG_pts1ok,short_kex2_pro,nglyc_native,291
sp_SPalpA_pro__sb_glaA_KR_3xAla__prop_long_kex2_pro__nglyc_nglyc_ablated,SPalpA_pro,glaA_KR_3xAla,long_kex2_pro,nglyc_ablated,299
sp_SPalpA_pro__sb_glaA_KR_3xAla__prop_long_kex2_pro__nglyc_nglyc_native,SPalpA_pro,glaA_KR_3xAla,long_kex2_pro,nglyc_native,299
sp_SPalpA_pro__sb_glaA_KR_3xAla__prop_none__nglyc_nglyc_ablated,SPalpA_pro,glaA_KR_3xAla,none,nglyc_ablated,288
sp_SPalpA_pro__sb_glaA_KR_3xAla__prop_none__nglyc_nglyc_native,SPalpA_pro,glaA_KR_3xAla,none,nglyc_native,288
sp_SPalpA_pro__sb_glaA_KR_3xAla__prop_short_kex2_pro__nglyc_nglyc_ablated,SPalpA_pro,glaA_KR_3xAla,short_kex2_pro,nglyc_ablated,294
sp_SPalpA_pro__sb_glaA_KR_3xAla__prop_short_kex2_pro__nglyc_nglyc_native,SPalpA_pro,glaA_KR_3xAla,short_kex2_pro,nglyc_native,294
sp_SPalpA_pro__sb_glaA_KR_pts1ok__prop_long_kex2_pro__nglyc_nglyc_ablated,SPalpA_pro,glaA_KR_pts1ok,long_kex2_pro,nglyc_ablated,296
sp_SPalpA_pro__sb_glaA_KR_pts1ok__prop_long_kex2_pro__nglyc_nglyc_native,SPalpA_pro,glaA_KR_pts1ok,long_kex2_pro,nglyc_native,296
sp_SPalpA_pro__sb_glaA_KR_pts1ok__prop_none__nglyc_nglyc_ablated,SPalpA_pro,glaA_KR_pts1ok,none,nglyc_ablated,285
sp_SPalpA_pro__sb_glaA_KR_pts1ok__prop_none__nglyc_nglyc_native,SPalpA_pro,glaA_KR_pts1ok,none,nglyc_native,285
sp_SPalpA_pro__sb_glaA_KR_pts1ok__prop_short_kex2_pro__nglyc_nglyc_ablated,SPalpA_pro,glaA_KR_pts1ok,short_kex2_pro,nglyc_ablated,291
sp_SPalpA_pro__sb_glaA_KR_pts1ok__prop_short_kex2_pro__nglyc_nglyc_native,SPalpA_pro,glaA_KR_pts1ok,short_kex2_pro,nglyc_native,291
sp_SPalpA_pro__sb_glaA_trunc_KR_3xAla__prop_long_kex2_pro__nglyc_nglyc_ablated,SPalpA_pro,glaA_trunc_KR_3xAla,long_kex2_pro,nglyc_ablated,299
sp_SPalpA_pro__sb_glaA_trunc_KR_3xAla__prop_long_kex2_pro__nglyc_nglyc_native,SPalpA_pro,glaA_trunc_KR_3xAla,long_kex2_pro,nglyc_native,299
sp_SPalpA_pro__sb_glaA_trunc_KR_3xAla__prop_none__nglyc_nglyc_ablated,SPalpA_pro,glaA_trunc_KR_3xAla,none,nglyc_ablated,288
sp_SPalpA_pro__sb_glaA_trunc_KR_3xAla__prop_none__nglyc_nglyc_native,SPalpA_pro,glaA_trunc_KR_3xAla,none,nglyc_native,288
sp_SPalpA_pro__sb_glaA_trunc_KR_3xAla__prop_short_kex2_pro__nglyc_nglyc_ablated,SPalpA_pro,glaA_trunc_KR_3xAla,short_kex2_pro,nglyc_ablated,294
sp_SPalpA_pro__sb_glaA_trunc_KR_3xAla__prop_short_kex2_pro__nglyc_nglyc_native,SPalpA_pro,glaA_trunc_KR_3xAla,short_kex2_pro,nglyc_native,294
sp_SPalpA_pro__sb_glaA_trunc_KR_pts1ok__prop_long_kex2_pro__nglyc_nglyc_ablated,SPalpA_pro,glaA_trunc_KR_pts1ok,long_kex2_pro,nglyc_ablated,296
sp_SPalpA_pro__sb_glaA_trunc_KR_pts1ok__prop_long_kex2_pro__nglyc_nglyc_native,SPalpA_pro,glaA_trunc_KR_pts1ok,long_kex2_pro,nglyc_native,296
sp_SPalpA_pro__sb_glaA_trunc_KR_pts1ok__prop_none__nglyc_nglyc_ablated,SPalpA_pro,glaA_trunc_KR_pts1ok,none,nglyc_ablated,285
sp_SPalpA_pro__sb_glaA_trunc_KR_pts1ok__prop_none__nglyc_nglyc_native,SPalpA_pro,glaA_trunc_KR_pts1ok,none,nglyc_native,285
sp_SPalpA_pro__sb_glaA_trunc_KR_pts1ok__prop_short_kex2_pro__nglyc_nglyc_ablated,SPalpA_pro,glaA_trunc_KR_pts1ok,short_kex2_pro,nglyc_ablated,291
sp_SPalpA_pro__sb_glaA_trunc_KR_pts1ok__prop_short_kex2_pro__nglyc_nglyc_native,SPalpA_pro,glaA_trunc_KR_pts1ok,short_kex2_pro,nglyc_native,291
sp_SPalpA_pro__sb_tandem_KEX2_pts1ok__prop_long_kex2_pro__nglyc_nglyc_ablated,SPalpA_pro,tandem_KEX2_pts1ok,long_kex2_pro,nglyc_ablated,296
sp_SPalpA_pro__sb_tandem_KEX2_pts1ok__prop_long_kex2_pro__nglyc_nglyc_native,SPalpA_pro,tandem_KEX2_pts1ok,long_kex2_pro,nglyc_native,296
sp_SPalpA_pro__sb_tandem_KEX2_pts1ok__prop_none__nglyc_nglyc_ablated,SPalpA_pro,tandem_KEX2_pts1ok,none,nglyc_ablated,285
sp_SPalpA_pro__sb_tandem_KEX2_pts1ok__prop_none__nglyc_nglyc_native,SPalpA_pro,tandem_KEX2_pts1ok,none,nglyc_native,285
sp_SPalpA_pro__sb_tandem_KEX2_pts1ok__prop_short_kex2_pro__nglyc_nglyc_ablated,SPalpA_pro,tandem_KEX2_pts1ok,short_kex2_pro,nglyc_ablated,291
sp_SPalpA_pro__sb_tandem_KEX2_pts1ok__prop_short_kex2_pro__nglyc_nglyc_native,SPalpA_pro,tandem_KEX2_pts1ok,short_kex2_pro,nglyc_native,291
sp_SPamyB__sb_direct_3xAla_pts1blk__prop_long_kex2_pro__nglyc_nglyc_ablated,SPamyB,direct_3xAla_pts1blk,long_kex2_pro,nglyc_ablated,284
sp_SPamyB__sb_direct_3xAla_pts1blk__prop_long_kex2_pro__nglyc_nglyc_native,SPamyB,direct_3xAla_pts1blk,long_kex2_pro,nglyc_native,284
sp_SPamyB__sb_direct_3xAla_pts1blk__prop_none__nglyc_nglyc_ablated,SPamyB,direct_3xAla_pts1blk,none,nglyc_ablated,273
sp_SPamyB__sb_direct_3xAla_pts1blk__prop_none__nglyc_nglyc_native,SPamyB,direct_3xAla_pts1blk,none,nglyc_native,273
sp_SPamyB__sb_direct_3xAla_pts1blk__prop_short_kex2_pro__nglyc_nglyc_ablated,SPamyB,direct_3xAla_pts1blk,short_kex2_pro,nglyc_ablated,279
sp_SPamyB__sb_direct_3xAla_pts1blk__prop_short_kex2_pro__nglyc_nglyc_native,SPamyB,direct_3xAla_pts1blk,short_kex2_pro,nglyc_native,279
sp_SPamyB__sb_direct_his6_pts1ok__prop_long_kex2_pro__nglyc_nglyc_ablated,SPamyB,direct_his6_pts1ok,long_kex2_pro,nglyc_ablated,287
sp_SPamyB__sb_direct_his6_pts1ok__prop_long_kex2_pro__nglyc_nglyc_native,SPamyB,direct_his6_pts1ok,long_kex2_pro,nglyc_native,287
sp_SPamyB__sb_direct_his6_pts1ok__prop_none__nglyc_nglyc_ablated,SPamyB,direct_his6_pts1ok,none,nglyc_ablated,276
sp_SPamyB__sb_direct_his6_pts1ok__prop_none__nglyc_nglyc_native,SPamyB,direct_his6_pts1ok,none,nglyc_native,276
sp_SPamyB__sb_direct_his6_pts1ok__prop_short_kex2_pro__nglyc_nglyc_ablated,SPamyB,direct_his6_pts1ok,short_kex2_pro,nglyc_ablated,282
sp_SPamyB__sb_direct_his6_pts1ok__prop_short_kex2_pro__nglyc_nglyc_native,SPamyB,direct_his6_pts1ok,short_kex2_pro,nglyc_native,282
sp_SPamyB__sb_direct_natag_pts1ok__prop_long_kex2_pro__nglyc_nglyc_ablated,SPamyB,direct_natag_pts1ok,long_kex2_pro,nglyc_ablated,281
sp_SPamyB__sb_direct_natag_pts1ok__prop_long_kex2_pro__nglyc_nglyc_native,SPamyB,direct_natag_pts1ok,long_kex2_pro,nglyc_native,281
sp_SPamyB__sb_direct_natag_pts1ok__prop_none__nglyc_nglyc_ablated,SPamyB,direct_natag_pts1ok,none,nglyc_ablated,270
sp_SPamyB__sb_direct_natag_pts1ok__prop_none__nglyc_nglyc_native,SPamyB,direct_natag_pts1ok,none,nglyc_native,270
sp_SPamyB__sb_direct_natag_pts1ok__prop_short_kex2_pro__nglyc_nglyc_ablated,SPamyB,direct_natag_pts1ok,short_kex2_pro,nglyc_ablated,276
sp_SPamyB__sb_direct_natag_pts1ok__prop_short_kex2_pro__nglyc_nglyc_native,SPamyB,direct_natag_pts1ok,short_kex2_pro,nglyc_native,276
sp_SPamyB__sb_glaA_KRGGG_3xAla__prop_long_kex2_pro__nglyc_nglyc_ablated,SPamyB,glaA_KRGGG_3xAla,long_kex2_pro,nglyc_ablated,284
sp_SPamyB__sb_glaA_KRGGG_3xAla__prop_long_kex2_pro__nglyc_nglyc_native,SPamyB,glaA_KRGGG_3xAla,long_kex2_pro,nglyc_native,284
sp_SPamyB__sb_glaA_KRGGG_3xAla__prop_none__nglyc_nglyc_ablated,SPamyB,glaA_KRGGG_3xAla,none,nglyc_ablated,273
sp_SPamyB__sb_glaA_KRGGG_3xAla__prop_none__nglyc_nglyc_native,SPamyB,glaA_KRGGG_3xAla,none,nglyc_native,273
sp_SPamyB__sb_glaA_KRGGG_3xAla__prop_short_kex2_pro__nglyc_nglyc_ablated,SPamyB,glaA_KRGGG_3xAla,short_kex2_pro,nglyc_ablated,279
sp_SPamyB__sb_glaA_KRGGG_3xAla__prop_short_kex2_pro__nglyc_nglyc_native,SPamyB,glaA_KRGGG_3xAla,short_kex2_pro,nglyc_native,279
sp_SPamyB__sb_glaA_KRGGG_pts1ok__prop_long_kex2_pro__nglyc_nglyc_ablated,SPamyB,glaA_KRGGG_pts1ok,long_kex2_pro,nglyc_ablated,281
sp_SPamyB__sb_glaA_KRGGG_pts1ok__prop_long_kex2_pro__nglyc_nglyc_native,SPamyB,glaA_KRGGG_pts1ok,long_kex2_pro,nglyc_native,281
sp_SPamyB__sb_glaA_KRGGG_pts1ok__prop_none__nglyc_nglyc_ablated,SPamyB,glaA_KRGGG_pts1ok,none,nglyc_ablated,270
sp_SPamyB__sb_glaA_KRGGG_pts1ok__prop_none__nglyc_nglyc_native,SPamyB,glaA_KRGGG_pts1ok,none,nglyc_native,270
sp_SPamyB__sb_glaA_KRGGG_pts1ok__prop_short_kex2_pro__nglyc_nglyc_ablated,SPamyB,glaA_KRGGG_pts1ok,short_kex2_pro,nglyc_ablated,276
sp_SPamyB__sb_glaA_KRGGG_pts1ok__prop_short_kex2_pro__nglyc_nglyc_native,SPamyB,glaA_KRGGG_pts1ok,short_kex2_pro,nglyc_native,276
sp_SPamyB__sb_glaA_KR_3xAla__prop_long_kex2_pro__nglyc_nglyc_ablated,SPamyB,glaA_KR_3xAla,long_kex2_pro,nglyc_ablated,284
sp_SPamyB__sb_glaA_KR_3xAla__prop_long_kex2_pro__nglyc_nglyc_native,SPamyB,glaA_KR_3xAla,long_kex2_pro,nglyc_native,284
sp_SPamyB__sb_glaA_KR_3xAla__prop_none__nglyc_nglyc_ablated,SPamyB,glaA_KR_3xAla,none,nglyc_ablated,273
sp_SPamyB__sb_glaA_KR_3xAla__prop_none__nglyc_nglyc_native,SPamyB,glaA_KR_3xAla,none,nglyc_native,273
sp_SPamyB__sb_glaA_KR_3xAla__prop_short_kex2_pro__nglyc_nglyc_ablated,SPamyB,glaA_KR_3xAla,short_kex2_pro,nglyc_ablated,279
sp_SPamyB__sb_glaA_KR_3xAla__prop_short_kex2_pro__nglyc_nglyc_native,SPamyB,glaA_KR_3xAla,short_kex2_pro,nglyc_native,279
sp_SPamyB__sb_glaA_KR_pts1ok__prop_long_kex2_pro__nglyc_nglyc_ablated,SPamyB,glaA_KR_pts1ok,long_kex2_pro,nglyc_ablated,281
sp_SPamyB__sb_glaA_KR_pts1ok__prop_long_kex2_pro__nglyc_nglyc_native,SPamyB,glaA_KR_pts1ok,long_kex2_pro,nglyc_native,281
sp_SPamyB__sb_glaA_KR_pts1ok__prop_none__nglyc_nglyc_ablated,SPamyB,glaA_KR_pts1ok,none,nglyc_ablated,270
sp_SPamyB__sb_glaA_KR_pts1ok__prop_none__nglyc_nglyc_native,SPamyB,glaA_KR_pts1ok,none,nglyc_native,270
sp_SPamyB__sb_glaA_KR_pts1ok__prop_short_kex2_pro__nglyc_nglyc_ablated,SPamyB,glaA_KR_pts1ok,short_kex2_pro,nglyc_ablated,276
sp_SPamyB__sb_glaA_KR_pts1ok__prop_short_kex2_pro__nglyc_nglyc_native,SPamyB,glaA_KR_pts1ok,short_kex2_pro,nglyc_native,276
sp_SPamyB__sb_glaA_trunc_KR_3xAla__prop_long_kex2_pro__nglyc_nglyc_ablated,SPamyB,glaA_trunc_KR_3xAla,long_kex2_pro,nglyc_ablated,284
sp_SPamyB__sb_glaA_trunc_KR_3xAla__prop_long_kex2_pro__nglyc_nglyc_native,SPamyB,glaA_trunc_KR_3xAla,long_kex2_pro,nglyc_native,284
sp_SPamyB__sb_glaA_trunc_KR_3xAla__prop_none__nglyc_nglyc_ablated,SPamyB,glaA_trunc_KR_3xAla,none,nglyc_ablated,273
sp_SPamyB__sb_glaA_trunc_KR_3xAla__prop_none__nglyc_nglyc_native,SPamyB,glaA_trunc_KR_3xAla,none,nglyc_native,273
sp_SPamyB__sb_glaA_trunc_KR_3xAla__prop_short_kex2_pro__nglyc_nglyc_ablated,SPamyB,glaA_trunc_KR_3xAla,short_kex2_pro,nglyc_ablated,279
sp_SPamyB__sb_glaA_trunc_KR_3xAla__prop_short_kex2_pro__nglyc_nglyc_native,SPamyB,glaA_trunc_KR_3xAla,short_kex2_pro,nglyc_native,279
sp_SPamyB__sb_glaA_trunc_KR_pts1ok__prop_long_kex2_pro__nglyc_nglyc_ablated,SPamyB,glaA_trunc_KR_pts1ok,long_kex2_pro,nglyc_ablated,281
sp_SPamyB__sb_glaA_trunc_KR_pts1ok__prop_long_kex2_pro__nglyc_nglyc_native,SPamyB,glaA_trunc_KR_pts1ok,long_kex2_pro,nglyc_native,281
sp_SPamyB__sb_glaA_trunc_KR_pts1ok__prop_none__nglyc_nglyc_ablated,SPamyB,glaA_trunc_KR_pts1ok,none,nglyc_ablated,270
sp_SPamyB__sb_glaA_trunc_KR_pts1ok__prop_none__nglyc_nglyc_native,SPamyB,glaA_trunc_KR_pts1ok,none,nglyc_native,270
sp_SPamyB__sb_glaA_trunc_KR_pts1ok__prop_short_kex2_pro__nglyc_nglyc_ablated,SPamyB,glaA_trunc_KR_pts1ok,short_kex2_pro,nglyc_ablated,276
sp_SPamyB__sb_glaA_trunc_KR_pts1ok__prop_short_kex2_pro__nglyc_nglyc_native,SPamyB,glaA_trunc_KR_pts1ok,short_kex2_pro,nglyc_native,276
sp_SPamyB__sb_tandem_KEX2_pts1ok__prop_long_kex2_pro__nglyc_nglyc_ablated,SPamyB,tandem_KEX2_pts1ok,long_kex2_pro,nglyc_ablated,281
sp_SPamyB__sb_tandem_KEX2_pts1ok__prop_long_kex2_pro__nglyc_nglyc_native,SPamyB,tandem_KEX2_pts1ok,long_kex2_pro,nglyc_native,281
sp_SPamyB__sb_tandem_KEX2_pts1ok__prop_none__nglyc_nglyc_ablated,SPamyB,tandem_KEX2_pts1ok,none,nglyc_ablated,270
sp_SPamyB__sb_tandem_KEX2_pts1ok__prop_none__nglyc_nglyc_native,SPamyB,tandem_KEX2_pts1ok,none,nglyc_native,270
sp_SPamyB__sb_tandem_KEX2_pts1ok__prop_short_kex2_pro__nglyc_nglyc_ablated,SPamyB,tandem_KEX2_pts1ok,short_kex2_pro,nglyc_ablated,276
sp_SPamyB__sb_tandem_KEX2_pts1ok__prop_short_kex2_pro__nglyc_nglyc_native,SPamyB,tandem_KEX2_pts1ok,short_kex2_pro,nglyc_native,276
sp_SPamyB_pro__sb_direct_3xAla_pts1blk__prop_long_kex2_pro__nglyc_nglyc_ablated,SPamyB_pro,direct_3xAla_pts1blk,long_kex2_pro,nglyc_ablated,290
sp_SPamyB_pro__sb_direct_3xAla_pts1blk__prop_long_kex2_pro__nglyc_nglyc_native,SPamyB_pro,direct_3xAla_pts1blk,long_kex2_pro,nglyc_native,290
sp_SPamyB_pro__sb_direct_3xAla_pts1blk__prop_none__nglyc_nglyc_ablated,SPamyB_pro,direct_3xAla_pts1blk,none,nglyc_ablated,279
sp_SPamyB_pro__sb_direct_3xAla_pts1blk__prop_none__nglyc_nglyc_native,SPamyB_pro,direct_3xAla_pts1blk,none,nglyc_native,279
sp_SPamyB_pro__sb_direct_3xAla_pts1blk__prop_short_kex2_pro__nglyc_nglyc_ablated,SPamyB_pro,direct_3xAla_pts1blk,short_kex2_pro,nglyc_ablated,285
sp_SPamyB_pro__sb_direct_3xAla_pts1blk__prop_short_kex2_pro__nglyc_nglyc_native,SPamyB_pro,direct_3xAla_pts1blk,short_kex2_pro,nglyc_native,285
sp_SPamyB_pro__sb_direct_his6_pts1ok__prop_long_kex2_pro__nglyc_nglyc_ablated,SPamyB_pro,direct_his6_pts1ok,long_kex2_pro,nglyc_ablated,293
sp_SPamyB_pro__sb_direct_his6_pts1ok__prop_long_kex2_pro__nglyc_nglyc_native,SPamyB_pro,direct_his6_pts1ok,long_kex2_pro,nglyc_native,293
sp_SPamyB_pro__sb_direct_his6_pts1ok__prop_none__nglyc_nglyc_ablated,SPamyB_pro,direct_his6_pts1ok,none,nglyc_ablated,282
sp_SPamyB_pro__sb_direct_his6_pts1ok__prop_none__nglyc_nglyc_native,SPamyB_pro,direct_his6_pts1ok,none,nglyc_native,282
sp_SPamyB_pro__sb_direct_his6_pts1ok__prop_short_kex2_pro__nglyc_nglyc_ablated,SPamyB_pro,direct_his6_pts1ok,short_kex2_pro,nglyc_ablated,288
sp_SPamyB_pro__sb_direct_his6_pts1ok__prop_short_kex2_pro__nglyc_nglyc_native,SPamyB_pro,direct_his6_pts1ok,short_kex2_pro,nglyc_native,288
sp_SPamyB_pro__sb_direct_natag_pts1ok__prop_long_kex2_pro__nglyc_nglyc_ablated,SPamyB_pro,direct_natag_pts1ok,long_kex2_pro,nglyc_ablated,287
sp_SPamyB_pro__sb_direct_natag_pts1ok__prop_long_kex2_pro__nglyc_nglyc_native,SPamyB_pro,direct_natag_pts1ok,long_kex2_pro,nglyc_native,287
sp_SPamyB_pro__sb_direct_natag_pts1ok__prop_none__nglyc_nglyc_ablated,SPamyB_pro,direct_natag_pts1ok,none,nglyc_ablated,276
sp_SPamyB_pro__sb_direct_natag_pts1ok__prop_none__nglyc_nglyc_native,SPamyB_pro,direct_natag_pts1ok,none,nglyc_native,276
sp_SPamyB_pro__sb_direct_natag_pts1ok__prop_short_kex2_pro__nglyc_nglyc_ablated,SPamyB_pro,direct_natag_pts1ok,short_kex2_pro,nglyc_ablated,282
sp_SPamyB_pro__sb_direct_natag_pts1ok__prop_short_kex2_pro__nglyc_nglyc_native,SPamyB_pro,direct_natag_pts1ok,short_kex2_pro,nglyc_native,282
sp_SPamyB_pro__sb_glaA_KRGGG_3xAla__prop_long_kex2_pro__nglyc_nglyc_ablated,SPamyB_pro,glaA_KRGGG_3xAla,long_kex2_pro,nglyc_ablated,290
sp_SPamyB_pro__sb_glaA_KRGGG_3xAla__prop_long_kex2_pro__nglyc_nglyc_native,SPamyB_pro,glaA_KRGGG_3xAla,long_kex2_pro,nglyc_native,290
sp_SPamyB_pro__sb_glaA_KRGGG_3xAla__prop_none__nglyc_nglyc_ablated,SPamyB_pro,glaA_KRGGG_3xAla,none,nglyc_ablated,279
sp_SPamyB_pro__sb_glaA_KRGGG_3xAla__prop_none__nglyc_nglyc_native,SPamyB_pro,glaA_KRGGG_3xAla,none,nglyc_native,279
sp_SPamyB_pro__sb_glaA_KRGGG_3xAla__prop_short_kex2_pro__nglyc_nglyc_ablated,SPamyB_pro,glaA_KRGGG_3xAla,short_kex2_pro,nglyc_ablated,285
sp_SPamyB_pro__sb_glaA_KRGGG_3xAla__prop_short_kex2_pro__nglyc_nglyc_native,SPamyB_pro,glaA_KRGGG_3xAla,short_kex2_pro,nglyc_native,285
sp_SPamyB_pro__sb_glaA_KRGGG_pts1ok__prop_long_kex2_pro__nglyc_nglyc_ablated,SPamyB_pro,glaA_KRGGG_pts1ok,long_kex2_pro,nglyc_ablated,287
sp_SPamyB_pro__sb_glaA_KRGGG_pts1ok__prop_long_kex2_pro__nglyc_nglyc_native,SPamyB_pro,glaA_KRGGG_pts1ok,long_kex2_pro,nglyc_native,287
sp_SPamyB_pro__sb_glaA_KRGGG_pts1ok__prop_none__nglyc_nglyc_ablated,SPamyB_pro,glaA_KRGGG_pts1ok,none,nglyc_ablated,276
sp_SPamyB_pro__sb_glaA_KRGGG_pts1ok__prop_none__nglyc_nglyc_native,SPamyB_pro,glaA_KRGGG_pts1ok,none,nglyc_native,276
sp_SPamyB_pro__sb_glaA_KRGGG_pts1ok__prop_short_kex2_pro__nglyc_nglyc_ablated,SPamyB_pro,glaA_KRGGG_pts1ok,short_kex2_pro,nglyc_ablated,282
sp_SPamyB_pro__sb_glaA_KRGGG_pts1ok__prop_short_kex2_pro__nglyc_nglyc_native,SPamyB_pro,glaA_KRGGG_pts1ok,short_kex2_pro,nglyc_native,282
sp_SPamyB_pro__sb_glaA_KR_3xAla__prop_long_kex2_pro__nglyc_nglyc_ablated,SPamyB_pro,glaA_KR_3xAla,long_kex2_pro,nglyc_ablated,290
sp_SPamyB_pro__sb_glaA_KR_3xAla__prop_long_kex2_pro__nglyc_nglyc_native,SPamyB_pro,glaA_KR_3xAla,long_kex2_pro,nglyc_native,290
sp_SPamyB_pro__sb_glaA_KR_3xAla__prop_none__nglyc_nglyc_ablated,SPamyB_pro,glaA_KR_3xAla,none,nglyc_ablated,279
sp_SPamyB_pro__sb_glaA_KR_3xAla__prop_none__nglyc_nglyc_native,SPamyB_pro,glaA_KR_3xAla,none,nglyc_native,279
sp_SPamyB_pro__sb_glaA_KR_3xAla__prop_short_kex2_pro__nglyc_nglyc_ablated,SPamyB_pro,glaA_KR_3xAla,short_kex2_pro,nglyc_ablated,285
sp_SPamyB_pro__sb_glaA_KR_3xAla__prop_short_kex2_pro__nglyc_nglyc_native,SPamyB_pro,glaA_KR_3xAla,short_kex2_pro,nglyc_native,285
sp_SPamyB_pro__sb_glaA_KR_pts1ok__prop_long_kex2_pro__nglyc_nglyc_ablated,SPamyB_pro,glaA_KR_pts1ok,long_kex2_pro,nglyc_ablated,287
sp_SPamyB_pro__sb_glaA_KR_pts1ok__prop_long_kex2_pro__nglyc_nglyc_native,SPamyB_pro,glaA_KR_pts1ok,long_kex2_pro,nglyc_native,287
sp_SPamyB_pro__sb_glaA_KR_pts1ok__prop_none__nglyc_nglyc_ablated,SPamyB_pro,glaA_KR_pts1ok,none,nglyc_ablated,276
sp_SPamyB_pro__sb_glaA_KR_pts1ok__prop_none__nglyc_nglyc_native,SPamyB_pro,glaA_KR_pts1ok,none,nglyc_native,276
sp_SPamyB_pro__sb_glaA_KR_pts1ok__prop_short_kex2_pro__nglyc_nglyc_ablated,SPamyB_pro,glaA_KR_pts1ok,short_kex2_pro,nglyc_ablated,282
sp_SPamyB_pro__sb_glaA_KR_pts1ok__prop_short_kex2_pro__nglyc_nglyc_native,SPamyB_pro,glaA_KR_pts1ok,short_kex2_pro,nglyc_native,282
sp_SPamyB_pro__sb_glaA_trunc_KR_3xAla__prop_long_kex2_pro__nglyc_nglyc_ablated,SPamyB_pro,glaA_trunc_KR_3xAla,long_kex2_pro,nglyc_ablated,290
sp_SPamyB_pro__sb_glaA_trunc_KR_3xAla__prop_long_kex2_pro__nglyc_nglyc_native,SPamyB_pro,glaA_trunc_KR_3xAla,long_kex2_pro,nglyc_native,290
sp_SPamyB_pro__sb_glaA_trunc_KR_3xAla__prop_none__nglyc_nglyc_ablated,SPamyB_pro,glaA_trunc_KR_3xAla,none,nglyc_ablated,279
sp_SPamyB_pro__sb_glaA_trunc_KR_3xAla__prop_none__nglyc_nglyc_native,SPamyB_pro,glaA_trunc_KR_3xAla,none,nglyc_native,279
sp_SPamyB_pro__sb_glaA_trunc_KR_3xAla__prop_short_kex2_pro__nglyc_nglyc_ablated,SPamyB_pro,glaA_trunc_KR_3xAla,short_kex2_pro,nglyc_ablated,285
sp_SPamyB_pro__sb_glaA_trunc_KR_3xAla__prop_short_kex2_pro__nglyc_nglyc_native,SPamyB_pro,glaA_trunc_KR_3xAla,short_kex2_pro,nglyc_native,285
sp_SPamyB_pro__sb_glaA_trunc_KR_pts1ok__prop_long_kex2_pro__nglyc_nglyc_ablated,SPamyB_pro,glaA_trunc_KR_pts1ok,long_kex2_pro,nglyc_ablated,287
sp_SPamyB_pro__sb_glaA_trunc_KR_pts1ok__prop_long_kex2_pro__nglyc_nglyc_native,SPamyB_pro,glaA_trunc_KR_pts1ok,long_kex2_pro,nglyc_native,287
sp_SPamyB_pro__sb_glaA_trunc_KR_pts1ok__prop_none__nglyc_nglyc_ablated,SPamyB_pro,glaA_trunc_KR_pts1ok,none,nglyc_ablated,276
sp_SPamyB_pro__sb_glaA_trunc_KR_pts1ok__prop_none__nglyc_nglyc_native,SPamyB_pro,glaA_trunc_KR_pts1ok,none,nglyc_native,276
sp_SPamyB_pro__sb_glaA_trunc_KR_pts1ok__prop_short_kex2_pro__nglyc_nglyc_ablated,SPamyB_pro,glaA_trunc_KR_pts1ok,short_kex2_pro,nglyc_ablated,282
sp_SPamyB_pro__sb_glaA_trunc_KR_pts1ok__prop_short_kex2_pro__nglyc_nglyc_native,SPamyB_pro,glaA_trunc_KR_pts1ok,short_kex2_pro,nglyc_native,282
sp_SPamyB_pro__sb_tandem_KEX2_pts1ok__prop_long_kex2_pro__nglyc_nglyc_ablated,SPamyB_pro,tandem_KEX2_pts1ok,long_kex2_pro,nglyc_ablated,287
sp_SPamyB_pro__sb_tandem_KEX2_pts1ok__prop_long_kex2_pro__nglyc_nglyc_native,SPamyB_pro,tandem_KEX2_pts1ok,long_kex2_pro,nglyc_native,287
sp_SPamyB_pro__sb_tandem_KEX2_pts1ok__prop_none__nglyc_nglyc_ablated,SPamyB_pro,tandem_KEX2_pts1ok,none,nglyc_ablated,276
sp_SPamyB_pro__sb_tandem_KEX2_pts1ok__prop_none__nglyc_nglyc_native,SPamyB_pro,tandem_KEX2_pts1ok,none,nglyc_native,276
sp_SPamyB_pro__sb_tandem_KEX2_pts1ok__prop_short_kex2_pro__nglyc_nglyc_ablated,SPamyB_pro,tandem_KEX2_pts1ok,short_kex2_pro,nglyc_ablated,282
sp_SPamyB_pro__sb_tandem_KEX2_pts1ok__prop_short_kex2_pro__nglyc_nglyc_native,SPamyB_pro,tandem_KEX2_pts1ok,short_kex2_pro,nglyc_native,282
sp_SPcbhI__sb_direct_3xAla_pts1blk__prop_long_kex2_pro__nglyc_nglyc_ablated,SPcbhI,direct_3xAla_pts1blk,long_kex2_pro,nglyc_ablated,282
sp_SPcbhI__sb_direct_3xAla_pts1blk__prop_long_kex2_pro__nglyc_nglyc_native,SPcbhI,direct_3xAla_pts1blk,long_kex2_pro,nglyc_native,282
sp_SPcbhI__sb_direct_3xAla_pts1blk__prop_none__nglyc_nglyc_ablated,SPcbhI,direct_3xAla_pts1blk,none,nglyc_ablated,271
sp_SPcbhI__sb_direct_3xAla_pts1blk__prop_none__nglyc_nglyc_native,SPcbhI,direct_3xAla_pts1blk,none,nglyc_native,271
sp_SPcbhI__sb_direct_3xAla_pts1blk__prop_short_kex2_pro__nglyc_nglyc_ablated,SPcbhI,direct_3xAla_pts1blk,short_kex2_pro,nglyc_ablated,277
sp_SPcbhI__sb_direct_3xAla_pts1blk__prop_short_kex2_pro__nglyc_nglyc_native,SPcbhI,direct_3xAla_pts1blk,short_kex2_pro,nglyc_native,277
sp_SPcbhI__sb_direct_his6_pts1ok__prop_long_kex2_pro__nglyc_nglyc_ablated,SPcbhI,direct_his6_pts1ok,long_kex2_pro,nglyc_ablated,285
sp_SPcbhI__sb_direct_his6_pts1ok__prop_long_kex2_pro__nglyc_nglyc_native,SPcbhI,direct_his6_pts1ok,long_kex2_pro,nglyc_native,285
sp_SPcbhI__sb_direct_his6_pts1ok__prop_none__nglyc_nglyc_ablated,SPcbhI,direct_his6_pts1ok,none,nglyc_ablated,274
sp_SPcbhI__sb_direct_his6_pts1ok__prop_none__nglyc_nglyc_native,SPcbhI,direct_his6_pts1ok,none,nglyc_native,274
sp_SPcbhI__sb_direct_his6_pts1ok__prop_short_kex2_pro__nglyc_nglyc_ablated,SPcbhI,direct_his6_pts1ok,short_kex2_pro,nglyc_ablated,280
sp_SPcbhI__sb_direct_his6_pts1ok__prop_short_kex2_pro__nglyc_nglyc_native,SPcbhI,direct_his6_pts1ok,short_kex2_pro,nglyc_native,280
sp_SPcbhI__sb_direct_natag_pts1ok__prop_long_kex2_pro__nglyc_nglyc_ablated,SPcbhI,direct_natag_pts1ok,long_kex2_pro,nglyc_ablated,279
sp_SPcbhI__sb_direct_natag_pts1ok__prop_long_kex2_pro__nglyc_nglyc_native,SPcbhI,direct_natag_pts1ok,long_kex2_pro,nglyc_native,279
sp_SPcbhI__sb_direct_natag_pts1ok__prop_none__nglyc_nglyc_ablated,SPcbhI,direct_natag_pts1ok,none,nglyc_ablated,268
sp_SPcbhI__sb_direct_natag_pts1ok__prop_none__nglyc_nglyc_native,SPcbhI,direct_natag_pts1ok,none,nglyc_native,268
sp_SPcbhI__sb_direct_natag_pts1ok__prop_short_kex2_pro__nglyc_nglyc_ablated,SPcbhI,direct_natag_pts1ok,short_kex2_pro,nglyc_ablated,274
sp_SPcbhI__sb_direct_natag_pts1ok__prop_short_kex2_pro__nglyc_nglyc_native,SPcbhI,direct_natag_pts1ok,short_kex2_pro,nglyc_native,274
sp_SPcbhI__sb_glaA_KRGGG_3xAla__prop_long_kex2_pro__nglyc_nglyc_ablated,SPcbhI,glaA_KRGGG_3xAla,long_kex2_pro,nglyc_ablated,282
sp_SPcbhI__sb_glaA_KRGGG_3xAla__prop_long_kex2_pro__nglyc_nglyc_native,SPcbhI,glaA_KRGGG_3xAla,long_kex2_pro,nglyc_native,282
sp_SPcbhI__sb_glaA_KRGGG_3xAla__prop_none__nglyc_nglyc_ablated,SPcbhI,glaA_KRGGG_3xAla,none,nglyc_ablated,271
sp_SPcbhI__sb_glaA_KRGGG_3xAla__prop_none__nglyc_nglyc_native,SPcbhI,glaA_KRGGG_3xAla,none,nglyc_native,271
sp_SPcbhI__sb_glaA_KRGGG_3xAla__prop_short_kex2_pro__nglyc_nglyc_ablated,SPcbhI,glaA_KRGGG_3xAla,short_kex2_pro,nglyc_ablated,277
sp_SPcbhI__sb_glaA_KRGGG_3xAla__prop_short_kex2_pro__nglyc_nglyc_native,SPcbhI,glaA_KRGGG_3xAla,short_kex2_pro,nglyc_native,277
sp_SPcbhI__sb_glaA_KRGGG_pts1ok__prop_long_kex2_pro__nglyc_nglyc_ablated,SPcbhI,glaA_KRGGG_pts1ok,long_kex2_pro,nglyc_ablated,279
sp_SPcbhI__sb_glaA_KRGGG_pts1ok__prop_long_kex2_pro__nglyc_nglyc_native,SPcbhI,glaA_KRGGG_pts1ok,long_kex2_pro,nglyc_native,279
sp_SPcbhI__sb_glaA_KRGGG_pts1ok__prop_none__nglyc_nglyc_ablated,SPcbhI,glaA_KRGGG_pts1ok,none,nglyc_ablated,268
sp_SPcbhI__sb_glaA_KRGGG_pts1ok__prop_none__nglyc_nglyc_native,SPcbhI,glaA_KRGGG_pts1ok,none,nglyc_native,268
sp_SPcbhI__sb_glaA_KRGGG_pts1ok__prop_short_kex2_pro__nglyc_nglyc_ablated,SPcbhI,glaA_KRGGG_pts1ok,short_kex2_pro,nglyc_ablated,274
sp_SPcbhI__sb_glaA_KRGGG_pts1ok__prop_short_kex2_pro__nglyc_nglyc_native,SPcbhI,glaA_KRGGG_pts1ok,short_kex2_pro,nglyc_native,274
sp_SPcbhI__sb_glaA_KR_3xAla__prop_long_kex2_pro__nglyc_nglyc_ablated,SPcbhI,glaA_KR_3xAla,long_kex2_pro,nglyc_ablated,282
sp_SPcbhI__sb_glaA_KR_3xAla__prop_long_kex2_pro__nglyc_nglyc_native,SPcbhI,glaA_KR_3xAla,long_kex2_pro,nglyc_native,282
sp_SPcbhI__sb_glaA_KR_3xAla__prop_none__nglyc_nglyc_ablated,SPcbhI,glaA_KR_3xAla,none,nglyc_ablated,271
sp_SPcbhI__sb_glaA_KR_3xAla__prop_none__nglyc_nglyc_native,SPcbhI,glaA_KR_3xAla,none,nglyc_native,271
sp_SPcbhI__sb_glaA_KR_3xAla__prop_short_kex2_pro__nglyc_nglyc_ablated,SPcbhI,glaA_KR_3xAla,short_kex2_pro,nglyc_ablated,277
sp_SPcbhI__sb_glaA_KR_3xAla__prop_short_kex2_pro__nglyc_nglyc_native,SPcbhI,glaA_KR_3xAla,short_kex2_pro,nglyc_native,277
sp_SPcbhI__sb_glaA_KR_pts1ok__prop_long_kex2_pro__nglyc_nglyc_ablated,SPcbhI,glaA_KR_pts1ok,long_kex2_pro,nglyc_ablated,279
sp_SPcbhI__sb_glaA_KR_pts1ok__prop_long_kex2_pro__nglyc_nglyc_native,SPcbhI,glaA_KR_pts1ok,long_kex2_pro,nglyc_native,279
sp_SPcbhI__sb_glaA_KR_pts1ok__prop_none__nglyc_nglyc_ablated,SPcbhI,glaA_KR_pts1ok,none,nglyc_ablated,268
sp_SPcbhI__sb_glaA_KR_pts1ok__prop_none__nglyc_nglyc_native,SPcbhI,glaA_KR_pts1ok,none,nglyc_native,268
sp_SPcbhI__sb_glaA_KR_pts1ok__prop_short_kex2_pro__nglyc_nglyc_ablated,SPcbhI,glaA_KR_pts1ok,short_kex2_pro,nglyc_ablated,274
sp_SPcbhI__sb_glaA_KR_pts1ok__prop_short_kex2_pro__nglyc_nglyc_native,SPcbhI,glaA_KR_pts1ok,short_kex2_pro,nglyc_native,274
sp_SPcbhI__sb_glaA_trunc_KR_3xAla__prop_long_kex2_pro__nglyc_nglyc_ablated,SPcbhI,glaA_trunc_KR_3xAla,long_kex2_pro,nglyc_ablated,282
sp_SPcbhI__sb_glaA_trunc_KR_3xAla__prop_long_kex2_pro__nglyc_nglyc_native,SPcbhI,glaA_trunc_KR_3xAla,long_kex2_pro,nglyc_native,282
sp_SPcbhI__sb_glaA_trunc_KR_3xAla__prop_none__nglyc_nglyc_ablated,SPcbhI,glaA_trunc_KR_3xAla,none,nglyc_ablated,271
sp_SPcbhI__sb_glaA_trunc_KR_3xAla__prop_none__nglyc_nglyc_native,SPcbhI,glaA_trunc_KR_3xAla,none,nglyc_native,271
sp_SPcbhI__sb_glaA_trunc_KR_3xAla__prop_short_kex2_pro__nglyc_nglyc_ablated,SPcbhI,glaA_trunc_KR_3xAla,short_kex2_pro,nglyc_ablated,277
sp_SPcbhI__sb_glaA_trunc_KR_3xAla__prop_short_kex2_pro__nglyc_nglyc_native,SPcbhI,glaA_trunc_KR_3xAla,short_kex2_pro,nglyc_native,277
sp_SPcbhI__sb_glaA_trunc_KR_pts1ok__prop_long_kex2_pro__nglyc_nglyc_ablated,SPcbhI,glaA_trunc_KR_pts1ok,long_kex2_pro,nglyc_ablated,279
sp_SPcbhI__sb_glaA_trunc_KR_pts1ok__prop_long_kex2_pro__nglyc_nglyc_native,SPcbhI,glaA_trunc_KR_pts1ok,long_kex2_pro,nglyc_native,279
sp_SPcbhI__sb_glaA_trunc_KR_pts1ok__prop_none__nglyc_nglyc_ablated,SPcbhI,glaA_trunc_KR_pts1ok,none,nglyc_ablated,268
sp_SPcbhI__sb_glaA_trunc_KR_pts1ok__prop_none__nglyc_nglyc_native,SPcbhI,glaA_trunc_KR_pts1ok,none,nglyc_native,268
sp_SPcbhI__sb_glaA_trunc_KR_pts1ok__prop_short_kex2_pro__nglyc_nglyc_ablated,SPcbhI,glaA_trunc_KR_pts1ok,short_kex2_pro,nglyc_ablated,274
sp_SPcbhI__sb_glaA_trunc_KR_pts1ok__prop_short_kex2_pro__nglyc_nglyc_native,SPcbhI,glaA_trunc_KR_pts1ok,short_kex2_pro,nglyc_native,274
sp_SPcbhI__sb_tandem_KEX2_pts1ok__prop_long_kex2_pro__nglyc_nglyc_ablated,SPcbhI,tandem_KEX2_pts1ok,long_kex2_pro,nglyc_ablated,279
sp_SPcbhI__sb_tandem_KEX2_pts1ok__prop_long_kex2_pro__nglyc_nglyc_native,SPcbhI,tandem_KEX2_pts1ok,long_kex2_pro,nglyc_native,279
sp_SPcbhI__sb_tandem_KEX2_pts1ok__prop_none__nglyc_nglyc_ablated,SPcbhI,tandem_KEX2_pts1ok,none,nglyc_ablated,268
sp_SPcbhI__sb_tandem_KEX2_pts1ok__prop_none__nglyc_nglyc_native,SPcbhI,tandem_KEX2_pts1ok,none,nglyc_native,268
sp_SPcbhI__sb_tandem_KEX2_pts1ok__prop_short_kex2_pro__nglyc_nglyc_ablated,SPcbhI,tandem_KEX2_pts1ok,short_kex2_pro,nglyc_ablated,274
sp_SPcbhI__sb_tandem_KEX2_pts1ok__prop_short_kex2_pro__nglyc_nglyc_native,SPcbhI,tandem_KEX2_pts1ok,short_kex2_pro,nglyc_native,274
sp_SPcbhI_pro__sb_direct_3xAla_pts1blk__prop_long_kex2_pro__nglyc_nglyc_ablated,SPcbhI_pro,direct_3xAla_pts1blk,long_kex2_pro,nglyc_ablated,290
sp_SPcbhI_pro__sb_direct_3xAla_pts1blk__prop_long_kex2_pro__nglyc_nglyc_native,SPcbhI_pro,direct_3xAla_pts1blk,long_kex2_pro,nglyc_native,290
sp_SPcbhI_pro__sb_direct_3xAla_pts1blk__prop_none__nglyc_nglyc_ablated,SPcbhI_pro,direct_3xAla_pts1blk,none,nglyc_ablated,279
sp_SPcbhI_pro__sb_direct_3xAla_pts1blk__prop_none__nglyc_nglyc_native,SPcbhI_pro,direct_3xAla_pts1blk,none,nglyc_native,279
sp_SPcbhI_pro__sb_direct_3xAla_pts1blk__prop_short_kex2_pro__nglyc_nglyc_ablated,SPcbhI_pro,direct_3xAla_pts1blk,short_kex2_pro,nglyc_ablated,285
sp_SPcbhI_pro__sb_direct_3xAla_pts1blk__prop_short_kex2_pro__nglyc_nglyc_native,SPcbhI_pro,direct_3xAla_pts1blk,short_kex2_pro,nglyc_native,285
sp_SPcbhI_pro__sb_direct_his6_pts1ok__prop_long_kex2_pro__nglyc_nglyc_ablated,SPcbhI_pro,direct_his6_pts1ok,long_kex2_pro,nglyc_ablated,293
sp_SPcbhI_pro__sb_direct_his6_pts1ok__prop_long_kex2_pro__nglyc_nglyc_native,SPcbhI_pro,direct_his6_pts1ok,long_kex2_pro,nglyc_native,293
sp_SPcbhI_pro__sb_direct_his6_pts1ok__prop_none__nglyc_nglyc_ablated,SPcbhI_pro,direct_his6_pts1ok,none,nglyc_ablated,282
sp_SPcbhI_pro__sb_direct_his6_pts1ok__prop_none__nglyc_nglyc_native,SPcbhI_pro,direct_his6_pts1ok,none,nglyc_native,282
sp_SPcbhI_pro__sb_direct_his6_pts1ok__prop_short_kex2_pro__nglyc_nglyc_ablated,SPcbhI_pro,direct_his6_pts1ok,short_kex2_pro,nglyc_ablated,288
sp_SPcbhI_pro__sb_direct_his6_pts1ok__prop_short_kex2_pro__nglyc_nglyc_native,SPcbhI_pro,direct_his6_pts1ok,short_kex2_pro,nglyc_native,288
sp_SPcbhI_pro__sb_direct_natag_pts1ok__prop_long_kex2_pro__nglyc_nglyc_ablated,SPcbhI_pro,direct_natag_pts1ok,long_kex2_pro,nglyc_ablated,287
sp_SPcbhI_pro__sb_direct_natag_pts1ok__prop_long_kex2_pro__nglyc_nglyc_native,SPcbhI_pro,direct_natag_pts1ok,long_kex2_pro,nglyc_native,287
sp_SPcbhI_pro__sb_direct_natag_pts1ok__prop_none__nglyc_nglyc_ablated,SPcbhI_pro,direct_natag_pts1ok,none,nglyc_ablated,276
sp_SPcbhI_pro__sb_direct_natag_pts1ok__prop_none__nglyc_nglyc_native,SPcbhI_pro,direct_natag_pts1ok,none,nglyc_native,276
sp_SPcbhI_pro__sb_direct_natag_pts1ok__prop_short_kex2_pro__nglyc_nglyc_ablated,SPcbhI_pro,direct_natag_pts1ok,short_kex2_pro,nglyc_ablated,282
sp_SPcbhI_pro__sb_direct_natag_pts1ok__prop_short_kex2_pro__nglyc_nglyc_native,SPcbhI_pro,direct_natag_pts1ok,short_kex2_pro,nglyc_native,282
sp_SPcbhI_pro__sb_glaA_KRGGG_3xAla__prop_long_kex2_pro__nglyc_nglyc_ablated,SPcbhI_pro,glaA_KRGGG_3xAla,long_kex2_pro,nglyc_ablated,290
sp_SPcbhI_pro__sb_glaA_KRGGG_3xAla__prop_long_kex2_pro__nglyc_nglyc_native,SPcbhI_pro,glaA_KRGGG_3xAla,long_kex2_pro,nglyc_native,290
sp_SPcbhI_pro__sb_glaA_KRGGG_3xAla__prop_none__nglyc_nglyc_ablated,SPcbhI_pro,glaA_KRGGG_3xAla,none,nglyc_ablated,279
sp_SPcbhI_pro__sb_glaA_KRGGG_3xAla__prop_none__nglyc_nglyc_native,SPcbhI_pro,glaA_KRGGG_3xAla,none,nglyc_native,279
sp_SPcbhI_pro__sb_glaA_KRGGG_3xAla__prop_short_kex2_pro__nglyc_nglyc_ablated,SPcbhI_pro,glaA_KRGGG_3xAla,short_kex2_pro,nglyc_ablated,285
sp_SPcbhI_pro__sb_glaA_KRGGG_3xAla__prop_short_kex2_pro__nglyc_nglyc_native,SPcbhI_pro,glaA_KRGGG_3xAla,short_kex2_pro,nglyc_native,285
sp_SPcbhI_pro__sb_glaA_KRGGG_pts1ok__prop_long_kex2_pro__nglyc_nglyc_ablated,SPcbhI_pro,glaA_KRGGG_pts1ok,long_kex2_pro,nglyc_ablated,287
sp_SPcbhI_pro__sb_glaA_KRGGG_pts1ok__prop_long_kex2_pro__nglyc_nglyc_native,SPcbhI_pro,glaA_KRGGG_pts1ok,long_kex2_pro,nglyc_native,287
sp_SPcbhI_pro__sb_glaA_KRGGG_pts1ok__prop_none__nglyc_nglyc_ablated,SPcbhI_pro,glaA_KRGGG_pts1ok,none,nglyc_ablated,276
sp_SPcbhI_pro__sb_glaA_KRGGG_pts1ok__prop_none__nglyc_nglyc_native,SPcbhI_pro,glaA_KRGGG_pts1ok,none,nglyc_native,276
sp_SPcbhI_pro__sb_glaA_KRGGG_pts1ok__prop_short_kex2_pro__nglyc_nglyc_ablated,SPcbhI_pro,glaA_KRGGG_pts1ok,short_kex2_pro,nglyc_ablated,282
sp_SPcbhI_pro__sb_glaA_KRGGG_pts1ok__prop_short_kex2_pro__nglyc_nglyc_native,SPcbhI_pro,glaA_KRGGG_pts1ok,short_kex2_pro,nglyc_native,282
sp_SPcbhI_pro__sb_glaA_KR_3xAla__prop_long_kex2_pro__nglyc_nglyc_ablated,SPcbhI_pro,glaA_KR_3xAla,long_kex2_pro,nglyc_ablated,290
sp_SPcbhI_pro__sb_glaA_KR_3xAla__prop_long_kex2_pro__nglyc_nglyc_native,SPcbhI_pro,glaA_KR_3xAla,long_kex2_pro,nglyc_native,290
sp_SPcbhI_pro__sb_glaA_KR_3xAla__prop_none__nglyc_nglyc_ablated,SPcbhI_pro,glaA_KR_3xAla,none,nglyc_ablated,279
sp_SPcbhI_pro__sb_glaA_KR_3xAla__prop_none__nglyc_nglyc_native,SPcbhI_pro,glaA_KR_3xAla,none,nglyc_native,279
sp_SPcbhI_pro__sb_glaA_KR_3xAla__prop_short_kex2_pro__nglyc_nglyc_ablated,SPcbhI_pro,glaA_KR_3xAla,short_kex2_pro,nglyc_ablated,285
sp_SPcbhI_pro__sb_glaA_KR_3xAla__prop_short_kex2_pro__nglyc_nglyc_native,SPcbhI_pro,glaA_KR_3xAla,short_kex2_pro,nglyc_native,285
sp_SPcbhI_pro__sb_glaA_KR_pts1ok__prop_long_kex2_pro__nglyc_nglyc_ablated,SPcbhI_pro,glaA_KR_pts1ok,long_kex2_pro,nglyc_ablated,287
sp_SPcbhI_pro__sb_glaA_KR_pts1ok__prop_long_kex2_pro__nglyc_nglyc_native,SPcbhI_pro,glaA_KR_pts1ok,long_kex2_pro,nglyc_native,287
sp_SPcbhI_pro__sb_glaA_KR_pts1ok__prop_none__nglyc_nglyc_ablated,SPcbhI_pro,glaA_KR_pts1ok,none,nglyc_ablated,276
sp_SPcbhI_pro__sb_glaA_KR_pts1ok__prop_none__nglyc_nglyc_native,SPcbhI_pro,glaA_KR_pts1ok,none,nglyc_native,276
sp_SPcbhI_pro__sb_glaA_KR_pts1ok__prop_short_kex2_pro__nglyc_nglyc_ablated,SPcbhI_pro,glaA_KR_pts1ok,short_kex2_pro,nglyc_ablated,282
sp_SPcbhI_pro__sb_glaA_KR_pts1ok__prop_short_kex2_pro__nglyc_nglyc_native,SPcbhI_pro,glaA_KR_pts1ok,short_kex2_pro,nglyc_native,282
sp_SPcbhI_pro__sb_glaA_trunc_KR_3xAla__prop_long_kex2_pro__nglyc_nglyc_ablated,SPcbhI_pro,glaA_trunc_KR_3xAla,long_kex2_pro,nglyc_ablated,290
sp_SPcbhI_pro__sb_glaA_trunc_KR_3xAla__prop_long_kex2_pro__nglyc_nglyc_native,SPcbhI_pro,glaA_trunc_KR_3xAla,long_kex2_pro,nglyc_native,290
sp_SPcbhI_pro__sb_glaA_trunc_KR_3xAla__prop_none__nglyc_nglyc_ablated,SPcbhI_pro,glaA_trunc_KR_3xAla,none,nglyc_ablated,279
sp_SPcbhI_pro__sb_glaA_trunc_KR_3xAla__prop_none__nglyc_nglyc_native,SPcbhI_pro,glaA_trunc_KR_3xAla,none,nglyc_native,279
sp_SPcbhI_pro__sb_glaA_trunc_KR_3xAla__prop_short_kex2_pro__nglyc_nglyc_ablated,SPcbhI_pro,glaA_trunc_KR_3xAla,short_kex2_pro,nglyc_ablated,285
sp_SPcbhI_pro__sb_glaA_trunc_KR_3xAla__prop_short_kex2_pro__nglyc_nglyc_native,SPcbhI_pro,glaA_trunc_KR_3xAla,short_kex2_pro,nglyc_native,285
sp_SPcbhI_pro__sb_glaA_trunc_KR_pts1ok__prop_long_kex2_pro__nglyc_nglyc_ablated,SPcbhI_pro,glaA_trunc_KR_pts1ok,long_kex2_pro,nglyc_ablated,287
sp_SPcbhI_pro__sb_glaA_trunc_KR_pts1ok__prop_long_kex2_pro__nglyc_nglyc_native,SPcbhI_pro,glaA_trunc_KR_pts1ok,long_kex2_pro,nglyc_native,287
sp_SPcbhI_pro__sb_glaA_trunc_KR_pts1ok__prop_none__nglyc_nglyc_ablated,SPcbhI_pro,glaA_trunc_KR_pts1ok,none,nglyc_ablated,276
sp_SPcbhI_pro__sb_glaA_trunc_KR_pts1ok__prop_none__nglyc_nglyc_native,SPcbhI_pro,glaA_trunc_KR_pts1ok,none,nglyc_native,276
sp_SPcbhI_pro__sb_glaA_trunc_KR_pts1ok__prop_short_kex2_pro__nglyc_nglyc_ablated,SPcbhI_pro,glaA_trunc_KR_pts1ok,short_kex2_pro,nglyc_ablated,282
sp_SPcbhI_pro__sb_glaA_trunc_KR_pts1ok__prop_short_kex2_pro__nglyc_nglyc_native,SPcbhI_pro,glaA_trunc_KR_pts1ok,short_kex2_pro,nglyc_native,282
sp_SPcbhI_pro__sb_tandem_KEX2_pts1ok__prop_long_kex2_pro__nglyc_nglyc_ablated,SPcbhI_pro,tandem_KEX2_pts1ok,long_kex2_pro,nglyc_ablated,287
sp_SPcbhI_pro__sb_tandem_KEX2_pts1ok__prop_long_kex2_pro__nglyc_nglyc_native,SPcbhI_pro,tandem_KEX2_pts1ok,long_kex2_pro,nglyc_native,287
sp_SPcbhI_pro__sb_tandem_KEX2_pts1ok__prop_none__nglyc_nglyc_ablated,SPcbhI_pro,tandem_KEX2_pts1ok,none,nglyc_ablated,276
sp_SPcbhI_pro__sb_tandem_KEX2_pts1ok__prop_none__nglyc_nglyc_native,SPcbhI_pro,tandem_KEX2_pts1ok,none,nglyc_native,276
sp_SPcbhI_pro__sb_tandem_KEX2_pts1ok__prop_short_kex2_pro__nglyc_nglyc_ablated,SPcbhI_pro,tandem_KEX2_pts1ok,short_kex2_pro,nglyc_ablated,282
sp_SPcbhI_pro__sb_tandem_KEX2_pts1ok__prop_short_kex2_pro__nglyc_nglyc_native,SPcbhI_pro,tandem_KEX2_pts1ok,short_kex2_pro,nglyc_native,282
sp_SPglaA__sb_direct_3xAla_pts1blk__prop_long_kex2_pro__nglyc_nglyc_ablated,SPglaA,direct_3xAla_pts1blk,long_kex2_pro,nglyc_ablated,283
sp_SPglaA__sb_direct_3xAla_pts1blk__prop_long_kex2_pro__nglyc_nglyc_native,SPglaA,direct_3xAla_pts1blk,long_kex2_pro,nglyc_native,283
sp_SPglaA__sb_direct_3xAla_pts1blk__prop_none__nglyc_nglyc_ablated,SPglaA,direct_3xAla_pts1blk,none,nglyc_ablated,272
sp_SPglaA__sb_direct_3xAla_pts1blk__prop_none__nglyc_nglyc_native,SPglaA,direct_3xAla_pts1blk,none,nglyc_native,272
sp_SPglaA__sb_direct_3xAla_pts1blk__prop_short_kex2_pro__nglyc_nglyc_ablated,SPglaA,direct_3xAla_pts1blk,short_kex2_pro,nglyc_ablated,278
sp_SPglaA__sb_direct_3xAla_pts1blk__prop_short_kex2_pro__nglyc_nglyc_native,SPglaA,direct_3xAla_pts1blk,short_kex2_pro,nglyc_native,278
sp_SPglaA__sb_direct_his6_pts1ok__prop_long_kex2_pro__nglyc_nglyc_ablated,SPglaA,direct_his6_pts1ok,long_kex2_pro,nglyc_ablated,286
sp_SPglaA__sb_direct_his6_pts1ok__prop_long_kex2_pro__nglyc_nglyc_native,SPglaA,direct_his6_pts1ok,long_kex2_pro,nglyc_native,286
sp_SPglaA__sb_direct_his6_pts1ok__prop_none__nglyc_nglyc_ablated,SPglaA,direct_his6_pts1ok,none,nglyc_ablated,275
sp_SPglaA__sb_direct_his6_pts1ok__prop_none__nglyc_nglyc_native,SPglaA,direct_his6_pts1ok,none,nglyc_native,275
sp_SPglaA__sb_direct_his6_pts1ok__prop_short_kex2_pro__nglyc_nglyc_ablated,SPglaA,direct_his6_pts1ok,short_kex2_pro,nglyc_ablated,281
sp_SPglaA__sb_direct_his6_pts1ok__prop_short_kex2_pro__nglyc_nglyc_native,SPglaA,direct_his6_pts1ok,short_kex2_pro,nglyc_native,281
sp_SPglaA__sb_direct_natag_pts1ok__prop_long_kex2_pro__nglyc_nglyc_ablated,SPglaA,direct_natag_pts1ok,long_kex2_pro,nglyc_ablated,280
sp_SPglaA__sb_direct_natag_pts1ok__prop_long_kex2_pro__nglyc_nglyc_native,SPglaA,direct_natag_pts1ok,long_kex2_pro,nglyc_native,280
sp_SPglaA__sb_direct_natag_pts1ok__prop_none__nglyc_nglyc_ablated,SPglaA,direct_natag_pts1ok,none,nglyc_ablated,269
sp_SPglaA__sb_direct_natag_pts1ok__prop_none__nglyc_nglyc_native,SPglaA,direct_natag_pts1ok,none,nglyc_native,269
sp_SPglaA__sb_direct_natag_pts1ok__prop_short_kex2_pro__nglyc_nglyc_ablated,SPglaA,direct_natag_pts1ok,short_kex2_pro,nglyc_ablated,275
sp_SPglaA__sb_direct_natag_pts1ok__prop_short_kex2_pro__nglyc_nglyc_native,SPglaA,direct_natag_pts1ok,short_kex2_pro,nglyc_native,275
sp_SPglaA__sb_glaA_KRGGG_3xAla__prop_long_kex2_pro__nglyc_nglyc_ablated,SPglaA,glaA_KRGGG_3xAla,long_kex2_pro,nglyc_ablated,283
sp_SPglaA__sb_glaA_KRGGG_3xAla__prop_long_kex2_pro__nglyc_nglyc_native,SPglaA,glaA_KRGGG_3xAla,long_kex2_pro,nglyc_native,283
sp_SPglaA__sb_glaA_KRGGG_3xAla__prop_none__nglyc_nglyc_ablated,SPglaA,glaA_KRGGG_3xAla,none,nglyc_ablated,272
sp_SPglaA__sb_glaA_KRGGG_3xAla__prop_none__nglyc_nglyc_native,SPglaA,glaA_KRGGG_3xAla,none,nglyc_native,272
sp_SPglaA__sb_glaA_KRGGG_3xAla__prop_short_kex2_pro__nglyc_nglyc_ablated,SPglaA,glaA_KRGGG_3xAla,short_kex2_pro,nglyc_ablated,278
sp_SPglaA__sb_glaA_KRGGG_3xAla__prop_short_kex2_pro__nglyc_nglyc_native,SPglaA,glaA_KRGGG_3xAla,short_kex2_pro,nglyc_native,278
sp_SPglaA__sb_glaA_KRGGG_pts1ok__prop_long_kex2_pro__nglyc_nglyc_ablated,SPglaA,glaA_KRGGG_pts1ok,long_kex2_pro,nglyc_ablated,280
sp_SPglaA__sb_glaA_KRGGG_pts1ok__prop_long_kex2_pro__nglyc_nglyc_native,SPglaA,glaA_KRGGG_pts1ok,long_kex2_pro,nglyc_native,280
sp_SPglaA__sb_glaA_KRGGG_pts1ok__prop_none__nglyc_nglyc_ablated,SPglaA,glaA_KRGGG_pts1ok,none,nglyc_ablated,269
sp_SPglaA__sb_glaA_KRGGG_pts1ok__prop_none__nglyc_nglyc_native,SPglaA,glaA_KRGGG_pts1ok,none,nglyc_native,269
sp_SPglaA__sb_glaA_KRGGG_pts1ok__prop_short_kex2_pro__nglyc_nglyc_ablated,SPglaA,glaA_KRGGG_pts1ok,short_kex2_pro,nglyc_ablated,275
sp_SPglaA__sb_glaA_KRGGG_pts1ok__prop_short_kex2_pro__nglyc_nglyc_native,SPglaA,glaA_KRGGG_pts1ok,short_kex2_pro,nglyc_native,275
sp_SPglaA__sb_glaA_KR_3xAla__prop_long_kex2_pro__nglyc_nglyc_ablated,SPglaA,glaA_KR_3xAla,long_kex2_pro,nglyc_ablated,283
sp_SPglaA__sb_glaA_KR_3xAla__prop_long_kex2_pro__nglyc_nglyc_native,SPglaA,glaA_KR_3xAla,long_kex2_pro,nglyc_native,283
sp_SPglaA__sb_glaA_KR_3xAla__prop_none__nglyc_nglyc_ablated,SPglaA,glaA_KR_3xAla,none,nglyc_ablated,272
sp_SPglaA__sb_glaA_KR_3xAla__prop_none__nglyc_nglyc_native,SPglaA,glaA_KR_3xAla,none,nglyc_native,272
sp_SPglaA__sb_glaA_KR_3xAla__prop_short_kex2_pro__nglyc_nglyc_ablated,SPglaA,glaA_KR_3xAla,short_kex2_pro,nglyc_ablated,278
sp_SPglaA__sb_glaA_KR_3xAla__prop_short_kex2_pro__nglyc_nglyc_native,SPglaA,glaA_KR_3xAla,short_kex2_pro,nglyc_native,278
sp_SPglaA__sb_glaA_KR_pts1ok__prop_long_kex2_pro__nglyc_nglyc_ablated,SPglaA,glaA_KR_pts1ok,long_kex2_pro,nglyc_ablated,280
sp_SPglaA__sb_glaA_KR_pts1ok__prop_long_kex2_pro__nglyc_nglyc_native,SPglaA,glaA_KR_pts1ok,long_kex2_pro,nglyc_native,280
sp_SPglaA__sb_glaA_KR_pts1ok__prop_none__nglyc_nglyc_ablated,SPglaA,glaA_KR_pts1ok,none,nglyc_ablated,269
sp_SPglaA__sb_glaA_KR_pts1ok__prop_none__nglyc_nglyc_native,SPglaA,glaA_KR_pts1ok,none,nglyc_native,269
sp_SPglaA__sb_glaA_KR_pts1ok__prop_short_kex2_pro__nglyc_nglyc_ablated,SPglaA,glaA_KR_pts1ok,short_kex2_pro,nglyc_ablated,275
sp_SPglaA__sb_glaA_KR_pts1ok__prop_short_kex2_pro__nglyc_nglyc_native,SPglaA,glaA_KR_pts1ok,short_kex2_pro,nglyc_native,275
sp_SPglaA__sb_glaA_trunc_KR_3xAla__prop_long_kex2_pro__nglyc_nglyc_ablated,SPglaA,glaA_trunc_KR_3xAla,long_kex2_pro,nglyc_ablated,283
sp_SPglaA__sb_glaA_trunc_KR_3xAla__prop_long_kex2_pro__nglyc_nglyc_native,SPglaA,glaA_trunc_KR_3xAla,long_kex2_pro,nglyc_native,283
sp_SPglaA__sb_glaA_trunc_KR_3xAla__prop_none__nglyc_nglyc_ablated,SPglaA,glaA_trunc_KR_3xAla,none,nglyc_ablated,272
sp_SPglaA__sb_glaA_trunc_KR_3xAla__prop_none__nglyc_nglyc_native,SPglaA,glaA_trunc_KR_3xAla,none,nglyc_native,272
sp_SPglaA__sb_glaA_trunc_KR_3xAla__prop_short_kex2_pro__nglyc_nglyc_ablated,SPglaA,glaA_trunc_KR_3xAla,short_kex2_pro,nglyc_ablated,278
sp_SPglaA__sb_glaA_trunc_KR_3xAla__prop_short_kex2_pro__nglyc_nglyc_native,SPglaA,glaA_trunc_KR_3xAla,short_kex2_pro,nglyc_native,278
sp_SPglaA__sb_glaA_trunc_KR_pts1ok__prop_long_kex2_pro__nglyc_nglyc_ablated,SPglaA,glaA_trunc_KR_pts1ok,long_kex2_pro,nglyc_ablated,280
sp_SPglaA__sb_glaA_trunc_KR_pts1ok__prop_long_kex2_pro__nglyc_nglyc_native,SPglaA,glaA_trunc_KR_pts1ok,long_kex2_pro,nglyc_native,280
sp_SPglaA__sb_glaA_trunc_KR_pts1ok__prop_none__nglyc_nglyc_ablated,SPglaA,glaA_trunc_KR_pts1ok,none,nglyc_ablated,269
sp_SPglaA__sb_glaA_trunc_KR_pts1ok__prop_none__nglyc_nglyc_native,SPglaA,glaA_trunc_KR_pts1ok,none,nglyc_native,269
sp_SPglaA__sb_glaA_trunc_KR_pts1ok__prop_short_kex2_pro__nglyc_nglyc_ablated,SPglaA,glaA_trunc_KR_pts1ok,short_kex2_pro,nglyc_ablated,275
sp_SPglaA__sb_glaA_trunc_KR_pts1ok__prop_short_kex2_pro__nglyc_nglyc_native,SPglaA,glaA_trunc_KR_pts1ok,short_kex2_pro,nglyc_native,275
sp_SPglaA__sb_tandem_KEX2_pts1ok__prop_long_kex2_pro__nglyc_nglyc_ablated,SPglaA,tandem_KEX2_pts1ok,long_kex2_pro,nglyc_ablated,280
sp_SPglaA__sb_tandem_KEX2_pts1ok__prop_long_kex2_pro__nglyc_nglyc_native,SPglaA,tandem_KEX2_pts1ok,long_kex2_pro,nglyc_native,280
sp_SPglaA__sb_tandem_KEX2_pts1ok__prop_none__nglyc_nglyc_ablated,SPglaA,tandem_KEX2_pts1ok,none,nglyc_ablated,269
sp_SPglaA__sb_tandem_KEX2_pts1ok__prop_none__nglyc_nglyc_native,SPglaA,tandem_KEX2_pts1ok,none,nglyc_native,269
sp_SPglaA__sb_tandem_KEX2_pts1ok__prop_short_kex2_pro__nglyc_nglyc_ablated,SPglaA,tandem_KEX2_pts1ok,short_kex2_pro,nglyc_ablated,275
sp_SPglaA__sb_tandem_KEX2_pts1ok__prop_short_kex2_pro__nglyc_nglyc_native,SPglaA,tandem_KEX2_pts1ok,short_kex2_pro,nglyc_native,275
sp_SPglaA_pro__sb_direct_3xAla_pts1blk__prop_long_kex2_pro__nglyc_nglyc_ablated,SPglaA_pro,direct_3xAla_pts1blk,long_kex2_pro,nglyc_ablated,289
sp_SPglaA_pro__sb_direct_3xAla_pts1blk__prop_long_kex2_pro__nglyc_nglyc_native,SPglaA_pro,direct_3xAla_pts1blk,long_kex2_pro,nglyc_native,289
sp_SPglaA_pro__sb_direct_3xAla_pts1blk__prop_none__nglyc_nglyc_ablated,SPglaA_pro,direct_3xAla_pts1blk,none,nglyc_ablated,278
sp_SPglaA_pro__sb_direct_3xAla_pts1blk__prop_none__nglyc_nglyc_native,SPglaA_pro,direct_3xAla_pts1blk,none,nglyc_native,278
sp_SPglaA_pro__sb_direct_3xAla_pts1blk__prop_short_kex2_pro__nglyc_nglyc_ablated,SPglaA_pro,direct_3xAla_pts1blk,short_kex2_pro,nglyc_ablated,284
sp_SPglaA_pro__sb_direct_3xAla_pts1blk__prop_short_kex2_pro__nglyc_nglyc_native,SPglaA_pro,direct_3xAla_pts1blk,short_kex2_pro,nglyc_native,284
sp_SPglaA_pro__sb_direct_his6_pts1ok__prop_long_kex2_pro__nglyc_nglyc_ablated,SPglaA_pro,direct_his6_pts1ok,long_kex2_pro,nglyc_ablated,292
sp_SPglaA_pro__sb_direct_his6_pts1ok__prop_long_kex2_pro__nglyc_nglyc_native,SPglaA_pro,direct_his6_pts1ok,long_kex2_pro,nglyc_native,292
sp_SPglaA_pro__sb_direct_his6_pts1ok__prop_none__nglyc_nglyc_ablated,SPglaA_pro,direct_his6_pts1ok,none,nglyc_ablated,281
sp_SPglaA_pro__sb_direct_his6_pts1ok__prop_none__nglyc_nglyc_native,SPglaA_pro,direct_his6_pts1ok,none,nglyc_native,281
sp_SPglaA_pro__sb_direct_his6_pts1ok__prop_short_kex2_pro__nglyc_nglyc_ablated,SPglaA_pro,direct_his6_pts1ok,short_kex2_pro,nglyc_ablated,287
sp_SPglaA_pro__sb_direct_his6_pts1ok__prop_short_kex2_pro__nglyc_nglyc_native,SPglaA_pro,direct_his6_pts1ok,short_kex2_pro,nglyc_native,287
sp_SPglaA_pro__sb_direct_natag_pts1ok__prop_long_kex2_pro__nglyc_nglyc_ablated,SPglaA_pro,direct_natag_pts1ok,long_kex2_pro,nglyc_ablated,286
sp_SPglaA_pro__sb_direct_natag_pts1ok__prop_long_kex2_pro__nglyc_nglyc_native,SPglaA_pro,direct_natag_pts1ok,long_kex2_pro,nglyc_native,286
sp_SPglaA_pro__sb_direct_natag_pts1ok__prop_none__nglyc_nglyc_ablated,SPglaA_pro,direct_natag_pts1ok,none,nglyc_ablated,275
sp_SPglaA_pro__sb_direct_natag_pts1ok__prop_none__nglyc_nglyc_native,SPglaA_pro,direct_natag_pts1ok,none,nglyc_native,275
sp_SPglaA_pro__sb_direct_natag_pts1ok__prop_short_kex2_pro__nglyc_nglyc_ablated,SPglaA_pro,direct_natag_pts1ok,short_kex2_pro,nglyc_ablated,281
sp_SPglaA_pro__sb_direct_natag_pts1ok__prop_short_kex2_pro__nglyc_nglyc_native,SPglaA_pro,direct_natag_pts1ok,short_kex2_pro,nglyc_native,281
sp_SPglaA_pro__sb_glaA_KRGGG_3xAla__prop_long_kex2_pro__nglyc_nglyc_ablated,SPglaA_pro,glaA_KRGGG_3xAla,long_kex2_pro,nglyc_ablated,289
sp_SPglaA_pro__sb_glaA_KRGGG_3xAla__prop_long_kex2_pro__nglyc_nglyc_native,SPglaA_pro,glaA_KRGGG_3xAla,long_kex2_pro,nglyc_native,289
sp_SPglaA_pro__sb_glaA_KRGGG_3xAla__prop_none__nglyc_nglyc_ablated,SPglaA_pro,glaA_KRGGG_3xAla,none,nglyc_ablated,278
sp_SPglaA_pro__sb_glaA_KRGGG_3xAla__prop_none__nglyc_nglyc_native,SPglaA_pro,glaA_KRGGG_3xAla,none,nglyc_native,278
sp_SPglaA_pro__sb_glaA_KRGGG_3xAla__prop_short_kex2_pro__nglyc_nglyc_ablated,SPglaA_pro,glaA_KRGGG_3xAla,short_kex2_pro,nglyc_ablated,284
sp_SPglaA_pro__sb_glaA_KRGGG_3xAla__prop_short_kex2_pro__nglyc_nglyc_native,SPglaA_pro,glaA_KRGGG_3xAla,short_kex2_pro,nglyc_native,284
sp_SPglaA_pro__sb_glaA_KRGGG_pts1ok__prop_long_kex2_pro__nglyc_nglyc_ablated,SPglaA_pro,glaA_KRGGG_pts1ok,long_kex2_pro,nglyc_ablated,286
sp_SPglaA_pro__sb_glaA_KRGGG_pts1ok__prop_long_kex2_pro__nglyc_nglyc_native,SPglaA_pro,glaA_KRGGG_pts1ok,long_kex2_pro,nglyc_native,286
sp_SPglaA_pro__sb_glaA_KRGGG_pts1ok__prop_none__nglyc_nglyc_ablated,SPglaA_pro,glaA_KRGGG_pts1ok,none,nglyc_ablated,275
sp_SPglaA_pro__sb_glaA_KRGGG_pts1ok__prop_none__nglyc_nglyc_native,SPglaA_pro,glaA_KRGGG_pts1ok,none,nglyc_native,275
sp_SPglaA_pro__sb_glaA_KRGGG_pts1ok__prop_short_kex2_pro__nglyc_nglyc_ablated,SPglaA_pro,glaA_KRGGG_pts1ok,short_kex2_pro,nglyc_ablated,281
sp_SPglaA_pro__sb_glaA_KRGGG_pts1ok__prop_short_kex2_pro__nglyc_nglyc_native,SPglaA_pro,glaA_KRGGG_pts1ok,short_kex2_pro,nglyc_native,281
sp_SPglaA_pro__sb_glaA_KR_3xAla__prop_long_kex2_pro__nglyc_nglyc_ablated,SPglaA_pro,glaA_KR_3xAla,long_kex2_pro,nglyc_ablated,289
sp_SPglaA_pro__sb_glaA_KR_3xAla__prop_long_kex2_pro__nglyc_nglyc_native,SPglaA_pro,glaA_KR_3xAla,long_kex2_pro,nglyc_native,289
sp_SPglaA_pro__sb_glaA_KR_3xAla__prop_none__nglyc_nglyc_ablated,SPglaA_pro,glaA_KR_3xAla,none,nglyc_ablated,278
sp_SPglaA_pro__sb_glaA_KR_3xAla__prop_none__nglyc_nglyc_native,SPglaA_pro,glaA_KR_3xAla,none,nglyc_native,278
sp_SPglaA_pro__sb_glaA_KR_3xAla__prop_short_kex2_pro__nglyc_nglyc_ablated,SPglaA_pro,glaA_KR_3xAla,short_kex2_pro,nglyc_ablated,284
sp_SPglaA_pro__sb_glaA_KR_3xAla__prop_short_kex2_pro__nglyc_nglyc_native,SPglaA_pro,glaA_KR_3xAla,short_kex2_pro,nglyc_native,284
sp_SPglaA_pro__sb_glaA_KR_pts1ok__prop_long_kex2_pro__nglyc_nglyc_ablated,SPglaA_pro,glaA_KR_pts1ok,long_kex2_pro,nglyc_ablated,286
sp_SPglaA_pro__sb_glaA_KR_pts1ok__prop_long_kex2_pro__nglyc_nglyc_native,SPglaA_pro,glaA_KR_pts1ok,long_kex2_pro,nglyc_native,286
sp_SPglaA_pro__sb_glaA_KR_pts1ok__prop_none__nglyc_nglyc_ablated,SPglaA_pro,glaA_KR_pts1ok,none,nglyc_ablated,275
sp_SPglaA_pro__sb_glaA_KR_pts1ok__prop_none__nglyc_nglyc_native,SPglaA_pro,glaA_KR_pts1ok,none,nglyc_native,275
sp_SPglaA_pro__sb_glaA_KR_pts1ok__prop_short_kex2_pro__nglyc_nglyc_ablated,SPglaA_pro,glaA_KR_pts1ok,short_kex2_pro,nglyc_ablated,281
sp_SPglaA_pro__sb_glaA_KR_pts1ok__prop_short_kex2_pro__nglyc_nglyc_native,SPglaA_pro,glaA_KR_pts1ok,short_kex2_pro,nglyc_native,281
sp_SPglaA_pro__sb_glaA_trunc_KR_3xAla__prop_long_kex2_pro__nglyc_nglyc_ablated,SPglaA_pro,glaA_trunc_KR_3xAla,long_kex2_pro,nglyc_ablated,289
sp_SPglaA_pro__sb_glaA_trunc_KR_3xAla__prop_long_kex2_pro__nglyc_nglyc_native,SPglaA_pro,glaA_trunc_KR_3xAla,long_kex2_pro,nglyc_native,289
sp_SPglaA_pro__sb_glaA_trunc_KR_3xAla__prop_none__nglyc_nglyc_ablated,SPglaA_pro,glaA_trunc_KR_3xAla,none,nglyc_ablated,278
sp_SPglaA_pro__sb_glaA_trunc_KR_3xAla__prop_none__nglyc_nglyc_native,SPglaA_pro,glaA_trunc_KR_3xAla,none,nglyc_native,278
sp_SPglaA_pro__sb_glaA_trunc_KR_3xAla__prop_short_kex2_pro__nglyc_nglyc_ablated,SPglaA_pro,glaA_trunc_KR_3xAla,short_kex2_pro,nglyc_ablated,284
sp_SPglaA_pro__sb_glaA_trunc_KR_3xAla__prop_short_kex2_pro__nglyc_nglyc_native,SPglaA_pro,glaA_trunc_KR_3xAla,short_kex2_pro,nglyc_native,284
sp_SPglaA_pro__sb_glaA_trunc_KR_pts1ok__prop_long_kex2_pro__nglyc_nglyc_ablated,SPglaA_pro,glaA_trunc_KR_pts1ok,long_kex2_pro,nglyc_ablated,286
sp_SPglaA_pro__sb_glaA_trunc_KR_pts1ok__prop_long_kex2_pro__nglyc_nglyc_native,SPglaA_pro,glaA_trunc_KR_pts1ok,long_kex2_pro,nglyc_native,286
sp_SPglaA_pro__sb_glaA_trunc_KR_pts1ok__prop_none__nglyc_nglyc_ablated,SPglaA_pro,glaA_trunc_KR_pts1ok,none,nglyc_ablated,275
sp_SPglaA_pro__sb_glaA_trunc_KR_pts1ok__prop_none__nglyc_nglyc_native,SPglaA_pro,glaA_trunc_KR_pts1ok,none,nglyc_native,275
sp_SPglaA_pro__sb_glaA_trunc_KR_pts1ok__prop_short_kex2_pro__nglyc_nglyc_ablated,SPglaA_pro,glaA_trunc_KR_pts1ok,short_kex2_pro,nglyc_ablated,281
sp_SPglaA_pro__sb_glaA_trunc_KR_pts1ok__prop_short_kex2_pro__nglyc_nglyc_native,SPglaA_pro,glaA_trunc_KR_pts1ok,short_kex2_pro,nglyc_native,281
sp_SPglaA_pro__sb_tandem_KEX2_pts1ok__prop_long_kex2_pro__nglyc_nglyc_ablated,SPglaA_pro,tandem_KEX2_pts1ok,long_kex2_pro,nglyc_ablated,286
sp_SPglaA_pro__sb_tandem_KEX2_pts1ok__prop_long_kex2_pro__nglyc_nglyc_native,SPglaA_pro,tandem_KEX2_pts1ok,long_kex2_pro,nglyc_native,286
sp_SPglaA_pro__sb_tandem_KEX2_pts1ok__prop_none__nglyc_nglyc_ablated,SPglaA_pro,tandem_KEX2_pts1ok,none,nglyc_ablated,275
sp_SPglaA_pro__sb_tandem_KEX2_pts1ok__prop_none__nglyc_nglyc_native,SPglaA_pro,tandem_KEX2_pts1ok,none,nglyc_native,275
sp_SPglaA_pro__sb_tandem_KEX2_pts1ok__prop_short_kex2_pro__nglyc_nglyc_ablated,SPglaA_pro,tandem_KEX2_pts1ok,short_kex2_pro,nglyc_ablated,281
sp_SPglaA_pro__sb_tandem_KEX2_pts1ok__prop_short_kex2_pro__nglyc_nglyc_native,SPglaA_pro,tandem_KEX2_pts1ok,short_kex2_pro,nglyc_native,281
sp_SPlipase__sb_direct_3xAla_pts1blk__prop_long_kex2_pro__nglyc_nglyc_ablated,SPlipase,direct_3xAla_pts1blk,long_kex2_pro,nglyc_ablated,281
sp_SPlipase__sb_direct_3xAla_pts1blk__prop_long_kex2_pro__nglyc_nglyc_native,SPlipase,direct_3xAla_pts1blk,long_kex2_pro,nglyc_native,281
sp_SPlipase__sb_direct_3xAla_pts1blk__prop_none__nglyc_nglyc_ablated,SPlipase,direct_3xAla_pts1blk,none,nglyc_ablated,270
sp_SPlipase__sb_direct_3xAla_pts1blk__prop_none__nglyc_nglyc_native,SPlipase,direct_3xAla_pts1blk,none,nglyc_native,270
sp_SPlipase__sb_direct_3xAla_pts1blk__prop_short_kex2_pro__nglyc_nglyc_ablated,SPlipase,direct_3xAla_pts1blk,short_kex2_pro,nglyc_ablated,276
sp_SPlipase__sb_direct_3xAla_pts1blk__prop_short_kex2_pro__nglyc_nglyc_native,SPlipase,direct_3xAla_pts1blk,short_kex2_pro,nglyc_native,276
sp_SPlipase__sb_direct_his6_pts1ok__prop_long_kex2_pro__nglyc_nglyc_ablated,SPlipase,direct_his6_pts1ok,long_kex2_pro,nglyc_ablated,284
sp_SPlipase__sb_direct_his6_pts1ok__prop_long_kex2_pro__nglyc_nglyc_native,SPlipase,direct_his6_pts1ok,long_kex2_pro,nglyc_native,284
sp_SPlipase__sb_direct_his6_pts1ok__prop_none__nglyc_nglyc_ablated,SPlipase,direct_his6_pts1ok,none,nglyc_ablated,273
sp_SPlipase__sb_direct_his6_pts1ok__prop_none__nglyc_nglyc_native,SPlipase,direct_his6_pts1ok,none,nglyc_native,273
sp_SPlipase__sb_direct_his6_pts1ok__prop_short_kex2_pro__nglyc_nglyc_ablated,SPlipase,direct_his6_pts1ok,short_kex2_pro,nglyc_ablated,279
sp_SPlipase__sb_direct_his6_pts1ok__prop_short_kex2_pro__nglyc_nglyc_native,SPlipase,direct_his6_pts1ok,short_kex2_pro,nglyc_native,279
sp_SPlipase__sb_direct_natag_pts1ok__prop_long_kex2_pro__nglyc_nglyc_ablated,SPlipase,direct_natag_pts1ok,long_kex2_pro,nglyc_ablated,278
sp_SPlipase__sb_direct_natag_pts1ok__prop_long_kex2_pro__nglyc_nglyc_native,SPlipase,direct_natag_pts1ok,long_kex2_pro,nglyc_native,278
sp_SPlipase__sb_direct_natag_pts1ok__prop_none__nglyc_nglyc_ablated,SPlipase,direct_natag_pts1ok,none,nglyc_ablated,267
sp_SPlipase__sb_direct_natag_pts1ok__prop_none__nglyc_nglyc_native,SPlipase,direct_natag_pts1ok,none,nglyc_native,267
sp_SPlipase__sb_direct_natag_pts1ok__prop_short_kex2_pro__nglyc_nglyc_ablated,SPlipase,direct_natag_pts1ok,short_kex2_pro,nglyc_ablated,273
sp_SPlipase__sb_direct_natag_pts1ok__prop_short_kex2_pro__nglyc_nglyc_native,SPlipase,direct_natag_pts1ok,short_kex2_pro,nglyc_native,273
sp_SPlipase__sb_glaA_KRGGG_3xAla__prop_long_kex2_pro__nglyc_nglyc_ablated,SPlipase,glaA_KRGGG_3xAla,long_kex2_pro,nglyc_ablated,281
sp_SPlipase__sb_glaA_KRGGG_3xAla__prop_long_kex2_pro__nglyc_nglyc_native,SPlipase,glaA_KRGGG_3xAla,long_kex2_pro,nglyc_native,281
sp_SPlipase__sb_glaA_KRGGG_3xAla__prop_none__nglyc_nglyc_ablated,SPlipase,glaA_KRGGG_3xAla,none,nglyc_ablated,270
sp_SPlipase__sb_glaA_KRGGG_3xAla__prop_none__nglyc_nglyc_native,SPlipase,glaA_KRGGG_3xAla,none,nglyc_native,270
sp_SPlipase__sb_glaA_KRGGG_3xAla__prop_short_kex2_pro__nglyc_nglyc_ablated,SPlipase,glaA_KRGGG_3xAla,short_kex2_pro,nglyc_ablated,276
sp_SPlipase__sb_glaA_KRGGG_3xAla__prop_short_kex2_pro__nglyc_nglyc_native,SPlipase,glaA_KRGGG_3xAla,short_kex2_pro,nglyc_native,276
sp_SPlipase__sb_glaA_KRGGG_pts1ok__prop_long_kex2_pro__nglyc_nglyc_ablated,SPlipase,glaA_KRGGG_pts1ok,long_kex2_pro,nglyc_ablated,278
sp_SPlipase__sb_glaA_KRGGG_pts1ok__prop_long_kex2_pro__nglyc_nglyc_native,SPlipase,glaA_KRGGG_pts1ok,long_kex2_pro,nglyc_native,278
sp_SPlipase__sb_glaA_KRGGG_pts1ok__prop_none__nglyc_nglyc_ablated,SPlipase,glaA_KRGGG_pts1ok,none,nglyc_ablated,267
sp_SPlipase__sb_glaA_KRGGG_pts1ok__prop_none__nglyc_nglyc_native,SPlipase,glaA_KRGGG_pts1ok,none,nglyc_native,267
sp_SPlipase__sb_glaA_KRGGG_pts1ok__prop_short_kex2_pro__nglyc_nglyc_ablated,SPlipase,glaA_KRGGG_pts1ok,short_kex2_pro,nglyc_ablated,273
sp_SPlipase__sb_glaA_KRGGG_pts1ok__prop_short_kex2_pro__nglyc_nglyc_native,SPlipase,glaA_KRGGG_pts1ok,short_kex2_pro,nglyc_native,273
sp_SPlipase__sb_glaA_KR_3xAla__prop_long_kex2_pro__nglyc_nglyc_ablated,SPlipase,glaA_KR_3xAla,long_kex2_pro,nglyc_ablated,281
sp_SPlipase__sb_glaA_KR_3xAla__prop_long_kex2_pro__nglyc_nglyc_native,SPlipase,glaA_KR_3xAla,long_kex2_pro,nglyc_native,281
sp_SPlipase__sb_glaA_KR_3xAla__prop_none__nglyc_nglyc_ablated,SPlipase,glaA_KR_3xAla,none,nglyc_ablated,270
sp_SPlipase__sb_glaA_KR_3xAla__prop_none__nglyc_nglyc_native,SPlipase,glaA_KR_3xAla,none,nglyc_native,270
sp_SPlipase__sb_glaA_KR_3xAla__prop_short_kex2_pro__nglyc_nglyc_ablated,SPlipase,glaA_KR_3xAla,short_kex2_pro,nglyc_ablated,276
sp_SPlipase__sb_glaA_KR_3xAla__prop_short_kex2_pro__nglyc_nglyc_native,SPlipase,glaA_KR_3xAla,short_kex2_pro,nglyc_native,276
sp_SPlipase__sb_glaA_KR_pts1ok__prop_long_kex2_pro__nglyc_nglyc_ablated,SPlipase,glaA_KR_pts1ok,long_kex2_pro,nglyc_ablated,278
sp_SPlipase__sb_glaA_KR_pts1ok__prop_long_kex2_pro__nglyc_nglyc_native,SPlipase,glaA_KR_pts1ok,long_kex2_pro,nglyc_native,278
sp_SPlipase__sb_glaA_KR_pts1ok__prop_none__nglyc_nglyc_ablated,SPlipase,glaA_KR_pts1ok,none,nglyc_ablated,267
sp_SPlipase__sb_glaA_KR_pts1ok__prop_none__nglyc_nglyc_native,SPlipase,glaA_KR_pts1ok,none,nglyc_native,267
sp_SPlipase__sb_glaA_KR_pts1ok__prop_short_kex2_pro__nglyc_nglyc_ablated,SPlipase,glaA_KR_pts1ok,short_kex2_pro,nglyc_ablated,273
sp_SPlipase__sb_glaA_KR_pts1ok__prop_short_kex2_pro__nglyc_nglyc_native,SPlipase,glaA_KR_pts1ok,short_kex2_pro,nglyc_native,273
sp_SPlipase__sb_glaA_trunc_KR_3xAla__prop_long_kex2_pro__nglyc_nglyc_ablated,SPlipase,glaA_trunc_KR_3xAla,long_kex2_pro,nglyc_ablated,281
sp_SPlipase__sb_glaA_trunc_KR_3xAla__prop_long_kex2_pro__nglyc_nglyc_native,SPlipase,glaA_trunc_KR_3xAla,long_kex2_pro,nglyc_native,281
sp_SPlipase__sb_glaA_trunc_KR_3xAla__prop_none__nglyc_nglyc_ablated,SPlipase,glaA_trunc_KR_3xAla,none,nglyc_ablated,270
sp_SPlipase__sb_glaA_trunc_KR_3xAla__prop_none__nglyc_nglyc_native,SPlipase,glaA_trunc_KR_3xAla,none,nglyc_native,270
sp_SPlipase__sb_glaA_trunc_KR_3xAla__prop_short_kex2_pro__nglyc_nglyc_ablated,SPlipase,glaA_trunc_KR_3xAla,short_kex2_pro,nglyc_ablated,276
sp_SPlipase__sb_glaA_trunc_KR_3xAla__prop_short_kex2_pro__nglyc_nglyc_native,SPlipase,glaA_trunc_KR_3xAla,short_kex2_pro,nglyc_native,276
sp_SPlipase__sb_glaA_trunc_KR_pts1ok__prop_long_kex2_pro__nglyc_nglyc_ablated,SPlipase,glaA_trunc_KR_pts1ok,long_kex2_pro,nglyc_ablated,278
sp_SPlipase__sb_glaA_trunc_KR_pts1ok__prop_long_kex2_pro__nglyc_nglyc_native,SPlipase,glaA_trunc_KR_pts1ok,long_kex2_pro,nglyc_native,278
sp_SPlipase__sb_glaA_trunc_KR_pts1ok__prop_none__nglyc_nglyc_ablated,SPlipase,glaA_trunc_KR_pts1ok,none,nglyc_ablated,267
sp_SPlipase__sb_glaA_trunc_KR_pts1ok__prop_none__nglyc_nglyc_native,SPlipase,glaA_trunc_KR_pts1ok,none,nglyc_native,267
sp_SPlipase__sb_glaA_trunc_KR_pts1ok__prop_short_kex2_pro__nglyc_nglyc_ablated,SPlipase,glaA_trunc_KR_pts1ok,short_kex2_pro,nglyc_ablated,273
sp_SPlipase__sb_glaA_trunc_KR_pts1ok__prop_short_kex2_pro__nglyc_nglyc_native,SPlipase,glaA_trunc_KR_pts1ok,short_kex2_pro,nglyc_native,273
sp_SPlipase__sb_tandem_KEX2_pts1ok__prop_long_kex2_pro__nglyc_nglyc_ablated,SPlipase,tandem_KEX2_pts1ok,long_kex2_pro,nglyc_ablated,278
sp_SPlipase__sb_tandem_KEX2_pts1ok__prop_long_kex2_pro__nglyc_nglyc_native,SPlipase,tandem_KEX2_pts1ok,long_kex2_pro,nglyc_native,278
sp_SPlipase__sb_tandem_KEX2_pts1ok__prop_none__nglyc_nglyc_ablated,SPlipase,tandem_KEX2_pts1ok,none,nglyc_ablated,267
sp_SPlipase__sb_tandem_KEX2_pts1ok__prop_none__nglyc_nglyc_native,SPlipase,tandem_KEX2_pts1ok,none,nglyc_native,267
sp_SPlipase__sb_tandem_KEX2_pts1ok__prop_short_kex2_pro__nglyc_nglyc_ablated,SPlipase,tandem_KEX2_pts1ok,short_kex2_pro,nglyc_ablated,273
sp_SPlipase__sb_tandem_KEX2_pts1ok__prop_short_kex2_pro__nglyc_nglyc_native,SPlipase,tandem_KEX2_pts1ok,short_kex2_pro,nglyc_native,273
sp_SPlipase_pro__sb_direct_3xAla_pts1blk__prop_long_kex2_pro__nglyc_nglyc_ablated,SPlipase_pro,direct_3xAla_pts1blk,long_kex2_pro,nglyc_ablated,290
sp_SPlipase_pro__sb_direct_3xAla_pts1blk__prop_long_kex2_pro__nglyc_nglyc_native,SPlipase_pro,direct_3xAla_pts1blk,long_kex2_pro,nglyc_native,290
sp_SPlipase_pro__sb_direct_3xAla_pts1blk__prop_none__nglyc_nglyc_ablated,SPlipase_pro,direct_3xAla_pts1blk,none,nglyc_ablated,279
sp_SPlipase_pro__sb_direct_3xAla_pts1blk__prop_none__nglyc_nglyc_native,SPlipase_pro,direct_3xAla_pts1blk,none,nglyc_native,279
sp_SPlipase_pro__sb_direct_3xAla_pts1blk__prop_short_kex2_pro__nglyc_nglyc_ablated,SPlipase_pro,direct_3xAla_pts1blk,short_kex2_pro,nglyc_ablated,285
sp_SPlipase_pro__sb_direct_3xAla_pts1blk__prop_short_kex2_pro__nglyc_nglyc_native,SPlipase_pro,direct_3xAla_pts1blk,short_kex2_pro,nglyc_native,285
sp_SPlipase_pro__sb_direct_his6_pts1ok__prop_long_kex2_pro__nglyc_nglyc_ablated,SPlipase_pro,direct_his6_pts1ok,long_kex2_pro,nglyc_ablated,293
sp_SPlipase_pro__sb_direct_his6_pts1ok__prop_long_kex2_pro__nglyc_nglyc_native,SPlipase_pro,direct_his6_pts1ok,long_kex2_pro,nglyc_native,293
sp_SPlipase_pro__sb_direct_his6_pts1ok__prop_none__nglyc_nglyc_ablated,SPlipase_pro,direct_his6_pts1ok,none,nglyc_ablated,282
sp_SPlipase_pro__sb_direct_his6_pts1ok__prop_none__nglyc_nglyc_native,SPlipase_pro,direct_his6_pts1ok,none,nglyc_native,282
sp_SPlipase_pro__sb_direct_his6_pts1ok__prop_short_kex2_pro__nglyc_nglyc_ablated,SPlipase_pro,direct_his6_pts1ok,short_kex2_pro,nglyc_ablated,288
sp_SPlipase_pro__sb_direct_his6_pts1ok__prop_short_kex2_pro__nglyc_nglyc_native,SPlipase_pro,direct_his6_pts1ok,short_kex2_pro,nglyc_native,288
sp_SPlipase_pro__sb_direct_natag_pts1ok__prop_long_kex2_pro__nglyc_nglyc_ablated,SPlipase_pro,direct_natag_pts1ok,long_kex2_pro,nglyc_ablated,287
sp_SPlipase_pro__sb_direct_natag_pts1ok__prop_long_kex2_pro__nglyc_nglyc_native,SPlipase_pro,direct_natag_pts1ok,long_kex2_pro,nglyc_native,287
sp_SPlipase_pro__sb_direct_natag_pts1ok__prop_none__nglyc_nglyc_ablated,SPlipase_pro,direct_natag_pts1ok,none,nglyc_ablated,276
sp_SPlipase_pro__sb_direct_natag_pts1ok__prop_none__nglyc_nglyc_native,SPlipase_pro,direct_natag_pts1ok,none,nglyc_native,276
sp_SPlipase_pro__sb_direct_natag_pts1ok__prop_short_kex2_pro__nglyc_nglyc_ablated,SPlipase_pro,direct_natag_pts1ok,short_kex2_pro,nglyc_ablated,282
sp_SPlipase_pro__sb_direct_natag_pts1ok__prop_short_kex2_pro__nglyc_nglyc_native,SPlipase_pro,direct_natag_pts1ok,short_kex2_pro,nglyc_native,282
sp_SPlipase_pro__sb_glaA_KRGGG_3xAla__prop_long_kex2_pro__nglyc_nglyc_ablated,SPlipase_pro,glaA_KRGGG_3xAla,long_kex2_pro,nglyc_ablated,290
sp_SPlipase_pro__sb_glaA_KRGGG_3xAla__prop_long_kex2_pro__nglyc_nglyc_native,SPlipase_pro,glaA_KRGGG_3xAla,long_kex2_pro,nglyc_native,290
sp_SPlipase_pro__sb_glaA_KRGGG_3xAla__prop_none__nglyc_nglyc_ablated,SPlipase_pro,glaA_KRGGG_3xAla,none,nglyc_ablated,279
sp_SPlipase_pro__sb_glaA_KRGGG_3xAla__prop_none__nglyc_nglyc_native,SPlipase_pro,glaA_KRGGG_3xAla,none,nglyc_native,279
sp_SPlipase_pro__sb_glaA_KRGGG_3xAla__prop_short_kex2_pro__nglyc_nglyc_ablated,SPlipase_pro,glaA_KRGGG_3xAla,short_kex2_pro,nglyc_ablated,285
sp_SPlipase_pro__sb_glaA_KRGGG_3xAla__prop_short_kex2_pro__nglyc_nglyc_native,SPlipase_pro,glaA_KRGGG_3xAla,short_kex2_pro,nglyc_native,285
sp_SPlipase_pro__sb_glaA_KRGGG_pts1ok__prop_long_kex2_pro__nglyc_nglyc_ablated,SPlipase_pro,glaA_KRGGG_pts1ok,long_kex2_pro,nglyc_ablated,287
sp_SPlipase_pro__sb_glaA_KRGGG_pts1ok__prop_long_kex2_pro__nglyc_nglyc_native,SPlipase_pro,glaA_KRGGG_pts1ok,long_kex2_pro,nglyc_native,287
sp_SPlipase_pro__sb_glaA_KRGGG_pts1ok__prop_none__nglyc_nglyc_ablated,SPlipase_pro,glaA_KRGGG_pts1ok,none,nglyc_ablated,276
sp_SPlipase_pro__sb_glaA_KRGGG_pts1ok__prop_none__nglyc_nglyc_native,SPlipase_pro,glaA_KRGGG_pts1ok,none,nglyc_native,276
sp_SPlipase_pro__sb_glaA_KRGGG_pts1ok__prop_short_kex2_pro__nglyc_nglyc_ablated,SPlipase_pro,glaA_KRGGG_pts1ok,short_kex2_pro,nglyc_ablated,282
sp_SPlipase_pro__sb_glaA_KRGGG_pts1ok__prop_short_kex2_pro__nglyc_nglyc_native,SPlipase_pro,glaA_KRGGG_pts1ok,short_kex2_pro,nglyc_native,282
sp_SPlipase_pro__sb_glaA_KR_3xAla__prop_long_kex2_pro__nglyc_nglyc_ablated,SPlipase_pro,glaA_KR_3xAla,long_kex2_pro,nglyc_ablated,290
sp_SPlipase_pro__sb_glaA_KR_3xAla__prop_long_kex2_pro__nglyc_nglyc_native,SPlipase_pro,glaA_KR_3xAla,long_kex2_pro,nglyc_native,290
sp_SPlipase_pro__sb_glaA_KR_3xAla__prop_none__nglyc_nglyc_ablated,SPlipase_pro,glaA_KR_3xAla,none,nglyc_ablated,279
sp_SPlipase_pro__sb_glaA_KR_3xAla__prop_none__nglyc_nglyc_native,SPlipase_pro,glaA_KR_3xAla,none,nglyc_native,279
sp_SPlipase_pro__sb_glaA_KR_3xAla__prop_short_kex2_pro__nglyc_nglyc_ablated,SPlipase_pro,glaA_KR_3xAla,short_kex2_pro,nglyc_ablated,285
sp_SPlipase_pro__sb_glaA_KR_3xAla__prop_short_kex2_pro__nglyc_nglyc_native,SPlipase_pro,glaA_KR_3xAla,short_kex2_pro,nglyc_native,285
sp_SPlipase_pro__sb_glaA_KR_pts1ok__prop_long_kex2_pro__nglyc_nglyc_ablated,SPlipase_pro,glaA_KR_pts1ok,long_kex2_pro,nglyc_ablated,287
sp_SPlipase_pro__sb_glaA_KR_pts1ok__prop_long_kex2_pro__nglyc_nglyc_native,SPlipase_pro,glaA_KR_pts1ok,long_kex2_pro,nglyc_native,287
sp_SPlipase_pro__sb_glaA_KR_pts1ok__prop_none__nglyc_nglyc_ablated,SPlipase_pro,glaA_KR_pts1ok,none,nglyc_ablated,276
sp_SPlipase_pro__sb_glaA_KR_pts1ok__prop_none__nglyc_nglyc_native,SPlipase_pro,glaA_KR_pts1ok,none,nglyc_native,276
sp_SPlipase_pro__sb_glaA_KR_pts1ok__prop_short_kex2_pro__nglyc_nglyc_ablated,SPlipase_pro,glaA_KR_pts1ok,short_kex2_pro,nglyc_ablated,282
sp_SPlipase_pro__sb_glaA_KR_pts1ok__prop_short_kex2_pro__nglyc_nglyc_native,SPlipase_pro,glaA_KR_pts1ok,short_kex2_pro,nglyc_native,282
sp_SPlipase_pro__sb_glaA_trunc_KR_3xAla__prop_long_kex2_pro__nglyc_nglyc_ablated,SPlipase_pro,glaA_trunc_KR_3xAla,long_kex2_pro,nglyc_ablated,290
sp_SPlipase_pro__sb_glaA_trunc_KR_3xAla__prop_long_kex2_pro__nglyc_nglyc_native,SPlipase_pro,glaA_trunc_KR_3xAla,long_kex2_pro,nglyc_native,290
sp_SPlipase_pro__sb_glaA_trunc_KR_3xAla__prop_none__nglyc_nglyc_ablated,SPlipase_pro,glaA_trunc_KR_3xAla,none,nglyc_ablated,279
sp_SPlipase_pro__sb_glaA_trunc_KR_3xAla__prop_none__nglyc_nglyc_native,SPlipase_pro,glaA_trunc_KR_3xAla,none,nglyc_native,279
sp_SPlipase_pro__sb_glaA_trunc_KR_3xAla__prop_short_kex2_pro__nglyc_nglyc_ablated,SPlipase_pro,glaA_trunc_KR_3xAla,short_kex2_pro,nglyc_ablated,285
sp_SPlipase_pro__sb_glaA_trunc_KR_3xAla__prop_short_kex2_pro__nglyc_nglyc_native,SPlipase_pro,glaA_trunc_KR_3xAla,short_kex2_pro,nglyc_native,285
sp_SPlipase_pro__sb_glaA_trunc_KR_pts1ok__prop_long_kex2_pro__nglyc_nglyc_ablated,SPlipase_pro,glaA_trunc_KR_pts1ok,long_kex2_pro,nglyc_ablated,287
sp_SPlipase_pro__sb_glaA_trunc_KR_pts1ok__prop_long_kex2_pro__nglyc_nglyc_native,SPlipase_pro,glaA_trunc_KR_pts1ok,long_kex2_pro,nglyc_native,287
sp_SPlipase_pro__sb_glaA_trunc_KR_pts1ok__prop_none__nglyc_nglyc_ablated,SPlipase_pro,glaA_trunc_KR_pts1ok,none,nglyc_ablated,276
sp_SPlipase_pro__sb_glaA_trunc_KR_pts1ok__prop_none__nglyc_nglyc_native,SPlipase_pro,glaA_trunc_KR_pts1ok,none,nglyc_native,276
sp_SPlipase_pro__sb_glaA_trunc_KR_pts1ok__prop_short_kex2_pro__nglyc_nglyc_ablated,SPlipase_pro,glaA_trunc_KR_pts1ok,short_kex2_pro,nglyc_ablated,282
sp_SPlipase_pro__sb_glaA_trunc_KR_pts1ok__prop_short_kex2_pro__nglyc_nglyc_native,SPlipase_pro,glaA_trunc_KR_pts1ok,short_kex2_pro,nglyc_native,282
sp_SPlipase_pro__sb_tandem_KEX2_pts1ok__prop_long_kex2_pro__nglyc_nglyc_ablated,SPlipase_pro,tandem_KEX2_pts1ok,long_kex2_pro,nglyc_ablated,287
sp_SPlipase_pro__sb_tandem_KEX2_pts1ok__prop_long_kex2_pro__nglyc_nglyc_native,SPlipase_pro,tandem_KEX2_pts1ok,long_kex2_pro,nglyc_native,287
sp_SPlipase_pro__sb_tandem_KEX2_pts1ok__prop_none__nglyc_nglyc_ablated,SPlipase_pro,tandem_KEX2_pts1ok,none,nglyc_ablated,276
sp_SPlipase_pro__sb_tandem_KEX2_pts1ok__prop_none__nglyc_nglyc_native,SPlipase_pro,tandem_KEX2_pts1ok,none,nglyc_native,276
sp_SPlipase_pro__sb_tandem_KEX2_pts1ok__prop_short_kex2_pro__nglyc_nglyc_ablated,SPlipase_pro,tandem_KEX2_pts1ok,short_kex2_pro,nglyc_ablated,282
sp_SPlipase_pro__sb_tandem_KEX2_pts1ok__prop_short_kex2_pro__nglyc_nglyc_native,SPlipase_pro,tandem_KEX2_pts1ok,short_kex2_pro,nglyc_native,282
sp_SPpepO__sb_direct_3xAla_pts1blk__prop_long_kex2_pro__nglyc_nglyc_ablated,SPpepO,direct_3xAla_pts1blk,long_kex2_pro,nglyc_ablated,281
sp_SPpepO__sb_direct_3xAla_pts1blk__prop_long_kex2_pro__nglyc_nglyc_native,SPpepO,direct_3xAla_pts1blk,long_kex2_pro,nglyc_native,281
sp_SPpepO__sb_direct_3xAla_pts1blk__prop_none__nglyc_nglyc_ablated,SPpepO,direct_3xAla_pts1blk,none,nglyc_ablated,270
sp_SPpepO__sb_direct_3xAla_pts1blk__prop_none__nglyc_nglyc_native,SPpepO,direct_3xAla_pts1blk,none,nglyc_native,270
sp_SPpepO__sb_direct_3xAla_pts1blk__prop_short_kex2_pro__nglyc_nglyc_ablated,SPpepO,direct_3xAla_pts1blk,short_kex2_pro,nglyc_ablated,276
sp_SPpepO__sb_direct_3xAla_pts1blk__prop_short_kex2_pro__nglyc_nglyc_native,SPpepO,direct_3xAla_pts1blk,short_kex2_pro,nglyc_native,276
sp_SPpepO__sb_direct_his6_pts1ok__prop_long_kex2_pro__nglyc_nglyc_ablated,SPpepO,direct_his6_pts1ok,long_kex2_pro,nglyc_ablated,284
sp_SPpepO__sb_direct_his6_pts1ok__prop_long_kex2_pro__nglyc_nglyc_native,SPpepO,direct_his6_pts1ok,long_kex2_pro,nglyc_native,284
sp_SPpepO__sb_direct_his6_pts1ok__prop_none__nglyc_nglyc_ablated,SPpepO,direct_his6_pts1ok,none,nglyc_ablated,273
sp_SPpepO__sb_direct_his6_pts1ok__prop_none__nglyc_nglyc_native,SPpepO,direct_his6_pts1ok,none,nglyc_native,273
sp_SPpepO__sb_direct_his6_pts1ok__prop_short_kex2_pro__nglyc_nglyc_ablated,SPpepO,direct_his6_pts1ok,short_kex2_pro,nglyc_ablated,279
sp_SPpepO__sb_direct_his6_pts1ok__prop_short_kex2_pro__nglyc_nglyc_native,SPpepO,direct_his6_pts1ok,short_kex2_pro,nglyc_native,279
sp_SPpepO__sb_direct_natag_pts1ok__prop_long_kex2_pro__nglyc_nglyc_ablated,SPpepO,direct_natag_pts1ok,long_kex2_pro,nglyc_ablated,278
sp_SPpepO__sb_direct_natag_pts1ok__prop_long_kex2_pro__nglyc_nglyc_native,SPpepO,direct_natag_pts1ok,long_kex2_pro,nglyc_native,278
sp_SPpepO__sb_direct_natag_pts1ok__prop_none__nglyc_nglyc_ablated,SPpepO,direct_natag_pts1ok,none,nglyc_ablated,267
sp_SPpepO__sb_direct_natag_pts1ok__prop_none__nglyc_nglyc_native,SPpepO,direct_natag_pts1ok,none,nglyc_native,267
sp_SPpepO__sb_direct_natag_pts1ok__prop_short_kex2_pro__nglyc_nglyc_ablated,SPpepO,direct_natag_pts1ok,short_kex2_pro,nglyc_ablated,273
sp_SPpepO__sb_direct_natag_pts1ok__prop_short_kex2_pro__nglyc_nglyc_native,SPpepO,direct_natag_pts1ok,short_kex2_pro,nglyc_native,273
sp_SPpepO__sb_glaA_KRGGG_3xAla__prop_long_kex2_pro__nglyc_nglyc_ablated,SPpepO,glaA_KRGGG_3xAla,long_kex2_pro,nglyc_ablated,281
sp_SPpepO__sb_glaA_KRGGG_3xAla__prop_long_kex2_pro__nglyc_nglyc_native,SPpepO,glaA_KRGGG_3xAla,long_kex2_pro,nglyc_native,281
sp_SPpepO__sb_glaA_KRGGG_3xAla__prop_none__nglyc_nglyc_ablated,SPpepO,glaA_KRGGG_3xAla,none,nglyc_ablated,270
sp_SPpepO__sb_glaA_KRGGG_3xAla__prop_none__nglyc_nglyc_native,SPpepO,glaA_KRGGG_3xAla,none,nglyc_native,270
sp_SPpepO__sb_glaA_KRGGG_3xAla__prop_short_kex2_pro__nglyc_nglyc_ablated,SPpepO,glaA_KRGGG_3xAla,short_kex2_pro,nglyc_ablated,276
sp_SPpepO__sb_glaA_KRGGG_3xAla__prop_short_kex2_pro__nglyc_nglyc_native,SPpepO,glaA_KRGGG_3xAla,short_kex2_pro,nglyc_native,276
sp_SPpepO__sb_glaA_KRGGG_pts1ok__prop_long_kex2_pro__nglyc_nglyc_ablated,SPpepO,glaA_KRGGG_pts1ok,long_kex2_pro,nglyc_ablated,278
sp_SPpepO__sb_glaA_KRGGG_pts1ok__prop_long_kex2_pro__nglyc_nglyc_native,SPpepO,glaA_KRGGG_pts1ok,long_kex2_pro,nglyc_native,278
sp_SPpepO__sb_glaA_KRGGG_pts1ok__prop_none__nglyc_nglyc_ablated,SPpepO,glaA_KRGGG_pts1ok,none,nglyc_ablated,267
sp_SPpepO__sb_glaA_KRGGG_pts1ok__prop_none__nglyc_nglyc_native,SPpepO,glaA_KRGGG_pts1ok,none,nglyc_native,267
sp_SPpepO__sb_glaA_KRGGG_pts1ok__prop_short_kex2_pro__nglyc_nglyc_ablated,SPpepO,glaA_KRGGG_pts1ok,short_kex2_pro,nglyc_ablated,273
sp_SPpepO__sb_glaA_KRGGG_pts1ok__prop_short_kex2_pro__nglyc_nglyc_native,SPpepO,glaA_KRGGG_pts1ok,short_kex2_pro,nglyc_native,273
sp_SPpepO__sb_glaA_KR_3xAla__prop_long_kex2_pro__nglyc_nglyc_ablated,SPpepO,glaA_KR_3xAla,long_kex2_pro,nglyc_ablated,281
sp_SPpepO__sb_glaA_KR_3xAla__prop_long_kex2_pro__nglyc_nglyc_native,SPpepO,glaA_KR_3xAla,long_kex2_pro,nglyc_native,281
sp_SPpepO__sb_glaA_KR_3xAla__prop_none__nglyc_nglyc_ablated,SPpepO,glaA_KR_3xAla,none,nglyc_ablated,270
sp_SPpepO__sb_glaA_KR_3xAla__prop_none__nglyc_nglyc_native,SPpepO,glaA_KR_3xAla,none,nglyc_native,270
sp_SPpepO__sb_glaA_KR_3xAla__prop_short_kex2_pro__nglyc_nglyc_ablated,SPpepO,glaA_KR_3xAla,short_kex2_pro,nglyc_ablated,276
sp_SPpepO__sb_glaA_KR_3xAla__prop_short_kex2_pro__nglyc_nglyc_native,SPpepO,glaA_KR_3xAla,short_kex2_pro,nglyc_native,276
sp_SPpepO__sb_glaA_KR_pts1ok__prop_long_kex2_pro__nglyc_nglyc_ablated,SPpepO,glaA_KR_pts1ok,long_kex2_pro,nglyc_ablated,278
sp_SPpepO__sb_glaA_KR_pts1ok__prop_long_kex2_pro__nglyc_nglyc_native,SPpepO,glaA_KR_pts1ok,long_kex2_pro,nglyc_native,278
sp_SPpepO__sb_glaA_KR_pts1ok__prop_none__nglyc_nglyc_ablated,SPpepO,glaA_KR_pts1ok,none,nglyc_ablated,267
sp_SPpepO__sb_glaA_KR_pts1ok__prop_none__nglyc_nglyc_native,SPpepO,glaA_KR_pts1ok,none,nglyc_native,267
sp_SPpepO__sb_glaA_KR_pts1ok__prop_short_kex2_pro__nglyc_nglyc_ablated,SPpepO,glaA_KR_pts1ok,short_kex2_pro,nglyc_ablated,273
sp_SPpepO__sb_glaA_KR_pts1ok__prop_short_kex2_pro__nglyc_nglyc_native,SPpepO,glaA_KR_pts1ok,short_kex2_pro,nglyc_native,273
sp_SPpepO__sb_glaA_trunc_KR_3xAla__prop_long_kex2_pro__nglyc_nglyc_ablated,SPpepO,glaA_trunc_KR_3xAla,long_kex2_pro,nglyc_ablated,281
sp_SPpepO__sb_glaA_trunc_KR_3xAla__prop_long_kex2_pro__nglyc_nglyc_native,SPpepO,glaA_trunc_KR_3xAla,long_kex2_pro,nglyc_native,281
sp_SPpepO__sb_glaA_trunc_KR_3xAla__prop_none__nglyc_nglyc_ablated,SPpepO,glaA_trunc_KR_3xAla,none,nglyc_ablated,270
sp_SPpepO__sb_glaA_trunc_KR_3xAla__prop_none__nglyc_nglyc_native,SPpepO,glaA_trunc_KR_3xAla,none,nglyc_native,270
sp_SPpepO__sb_glaA_trunc_KR_3xAla__prop_short_kex2_pro__nglyc_nglyc_ablated,SPpepO,glaA_trunc_KR_3xAla,short_kex2_pro,nglyc_ablated,276
sp_SPpepO__sb_glaA_trunc_KR_3xAla__prop_short_kex2_pro__nglyc_nglyc_native,SPpepO,glaA_trunc_KR_3xAla,short_kex2_pro,nglyc_native,276
sp_SPpepO__sb_glaA_trunc_KR_pts1ok__prop_long_kex2_pro__nglyc_nglyc_ablated,SPpepO,glaA_trunc_KR_pts1ok,long_kex2_pro,nglyc_ablated,278
sp_SPpepO__sb_glaA_trunc_KR_pts1ok__prop_long_kex2_pro__nglyc_nglyc_native,SPpepO,glaA_trunc_KR_pts1ok,long_kex2_pro,nglyc_native,278
sp_SPpepO__sb_glaA_trunc_KR_pts1ok__prop_none__nglyc_nglyc_ablated,SPpepO,glaA_trunc_KR_pts1ok,none,nglyc_ablated,267
sp_SPpepO__sb_glaA_trunc_KR_pts1ok__prop_none__nglyc_nglyc_native,SPpepO,glaA_trunc_KR_pts1ok,none,nglyc_native,267
sp_SPpepO__sb_glaA_trunc_KR_pts1ok__prop_short_kex2_pro__nglyc_nglyc_ablated,SPpepO,glaA_trunc_KR_pts1ok,short_kex2_pro,nglyc_ablated,273
sp_SPpepO__sb_glaA_trunc_KR_pts1ok__prop_short_kex2_pro__nglyc_nglyc_native,SPpepO,glaA_trunc_KR_pts1ok,short_kex2_pro,nglyc_native,273
sp_SPpepO__sb_tandem_KEX2_pts1ok__prop_long_kex2_pro__nglyc_nglyc_ablated,SPpepO,tandem_KEX2_pts1ok,long_kex2_pro,nglyc_ablated,278
sp_SPpepO__sb_tandem_KEX2_pts1ok__prop_long_kex2_pro__nglyc_nglyc_native,SPpepO,tandem_KEX2_pts1ok,long_kex2_pro,nglyc_native,278
sp_SPpepO__sb_tandem_KEX2_pts1ok__prop_none__nglyc_nglyc_ablated,SPpepO,tandem_KEX2_pts1ok,none,nglyc_ablated,267
sp_SPpepO__sb_tandem_KEX2_pts1ok__prop_none__nglyc_nglyc_native,SPpepO,tandem_KEX2_pts1ok,none,nglyc_native,267
sp_SPpepO__sb_tandem_KEX2_pts1ok__prop_short_kex2_pro__nglyc_nglyc_ablated,SPpepO,tandem_KEX2_pts1ok,short_kex2_pro,nglyc_ablated,273
sp_SPpepO__sb_tandem_KEX2_pts1ok__prop_short_kex2_pro__nglyc_nglyc_native,SPpepO,tandem_KEX2_pts1ok,short_kex2_pro,nglyc_native,273
sp_SPpepO_pro__sb_direct_3xAla_pts1blk__prop_long_kex2_pro__nglyc_nglyc_ablated,SPpepO_pro,direct_3xAla_pts1blk,long_kex2_pro,nglyc_ablated,309
sp_SPpepO_pro__sb_direct_3xAla_pts1blk__prop_long_kex2_pro__nglyc_nglyc_native,SPpepO_pro,direct_3xAla_pts1blk,long_kex2_pro,nglyc_native,309
sp_SPpepO_pro__sb_direct_3xAla_pts1blk__prop_none__nglyc_nglyc_ablated,SPpepO_pro,direct_3xAla_pts1blk,none,nglyc_ablated,298
sp_SPpepO_pro__sb_direct_3xAla_pts1blk__prop_none__nglyc_nglyc_native,SPpepO_pro,direct_3xAla_pts1blk,none,nglyc_native,298
sp_SPpepO_pro__sb_direct_3xAla_pts1blk__prop_short_kex2_pro__nglyc_nglyc_ablated,SPpepO_pro,direct_3xAla_pts1blk,short_kex2_pro,nglyc_ablated,304
sp_SPpepO_pro__sb_direct_3xAla_pts1blk__prop_short_kex2_pro__nglyc_nglyc_native,SPpepO_pro,direct_3xAla_pts1blk,short_kex2_pro,nglyc_native,304
sp_SPpepO_pro__sb_direct_his6_pts1ok__prop_long_kex2_pro__nglyc_nglyc_ablated,SPpepO_pro,direct_his6_pts1ok,long_kex2_pro,nglyc_ablated,312
sp_SPpepO_pro__sb_direct_his6_pts1ok__prop_long_kex2_pro__nglyc_nglyc_native,SPpepO_pro,direct_his6_pts1ok,long_kex2_pro,nglyc_native,312
sp_SPpepO_pro__sb_direct_his6_pts1ok__prop_none__nglyc_nglyc_ablated,SPpepO_pro,direct_his6_pts1ok,none,nglyc_ablated,301
sp_SPpepO_pro__sb_direct_his6_pts1ok__prop_none__nglyc_nglyc_native,SPpepO_pro,direct_his6_pts1ok,none,nglyc_native,301
sp_SPpepO_pro__sb_direct_his6_pts1ok__prop_short_kex2_pro__nglyc_nglyc_ablated,SPpepO_pro,direct_his6_pts1ok,short_kex2_pro,nglyc_ablated,307
sp_SPpepO_pro__sb_direct_his6_pts1ok__prop_short_kex2_pro__nglyc_nglyc_native,SPpepO_pro,direct_his6_pts1ok,short_kex2_pro,nglyc_native,307
sp_SPpepO_pro__sb_direct_natag_pts1ok__prop_long_kex2_pro__nglyc_nglyc_ablated,SPpepO_pro,direct_natag_pts1ok,long_kex2_pro,nglyc_ablated,306
sp_SPpepO_pro__sb_direct_natag_pts1ok__prop_long_kex2_pro__nglyc_nglyc_native,SPpepO_pro,direct_natag_pts1ok,long_kex2_pro,nglyc_native,306
sp_SPpepO_pro__sb_direct_natag_pts1ok__prop_none__nglyc_nglyc_ablated,SPpepO_pro,direct_natag_pts1ok,none,nglyc_ablated,295
sp_SPpepO_pro__sb_direct_natag_pts1ok__prop_none__nglyc_nglyc_native,SPpepO_pro,direct_natag_pts1ok,none,nglyc_native,295
sp_SPpepO_pro__sb_direct_natag_pts1ok__prop_short_kex2_pro__nglyc_nglyc_ablated,SPpepO_pro,direct_natag_pts1ok,short_kex2_pro,nglyc_ablated,301
sp_SPpepO_pro__sb_direct_natag_pts1ok__prop_short_kex2_pro__nglyc_nglyc_native,SPpepO_pro,direct_natag_pts1ok,short_kex2_pro,nglyc_native,301
sp_SPpepO_pro__sb_glaA_KRGGG_3xAla__prop_long_kex2_pro__nglyc_nglyc_ablated,SPpepO_pro,glaA_KRGGG_3xAla,long_kex2_pro,nglyc_ablated,309
sp_SPpepO_pro__sb_glaA_KRGGG_3xAla__prop_long_kex2_pro__nglyc_nglyc_native,SPpepO_pro,glaA_KRGGG_3xAla,long_kex2_pro,nglyc_native,309
sp_SPpepO_pro__sb_glaA_KRGGG_3xAla__prop_none__nglyc_nglyc_ablated,SPpepO_pro,glaA_KRGGG_3xAla,none,nglyc_ablated,298
sp_SPpepO_pro__sb_glaA_KRGGG_3xAla__prop_none__nglyc_nglyc_native,SPpepO_pro,glaA_KRGGG_3xAla,none,nglyc_native,298
sp_SPpepO_pro__sb_glaA_KRGGG_3xAla__prop_short_kex2_pro__nglyc_nglyc_ablated,SPpepO_pro,glaA_KRGGG_3xAla,short_kex2_pro,nglyc_ablated,304
sp_SPpepO_pro__sb_glaA_KRGGG_3xAla__prop_short_kex2_pro__nglyc_nglyc_native,SPpepO_pro,glaA_KRGGG_3xAla,short_kex2_pro,nglyc_native,304
sp_SPpepO_pro__sb_glaA_KRGGG_pts1ok__prop_long_kex2_pro__nglyc_nglyc_ablated,SPpepO_pro,glaA_KRGGG_pts1ok,long_kex2_pro,nglyc_ablated,306
sp_SPpepO_pro__sb_glaA_KRGGG_pts1ok__prop_long_kex2_pro__nglyc_nglyc_native,SPpepO_pro,glaA_KRGGG_pts1ok,long_kex2_pro,nglyc_native,306
sp_SPpepO_pro__sb_glaA_KRGGG_pts1ok__prop_none__nglyc_nglyc_ablated,SPpepO_pro,glaA_KRGGG_pts1ok,none,nglyc_ablated,295
sp_SPpepO_pro__sb_glaA_KRGGG_pts1ok__prop_none__nglyc_nglyc_native,SPpepO_pro,glaA_KRGGG_pts1ok,none,nglyc_native,295
sp_SPpepO_pro__sb_glaA_KRGGG_pts1ok__prop_short_kex2_pro__nglyc_nglyc_ablated,SPpepO_pro,glaA_KRGGG_pts1ok,short_kex2_pro,nglyc_ablated,301
sp_SPpepO_pro__sb_glaA_KRGGG_pts1ok__prop_short_kex2_pro__nglyc_nglyc_native,SPpepO_pro,glaA_KRGGG_pts1ok,short_kex2_pro,nglyc_native,301
sp_SPpepO_pro__sb_glaA_KR_3xAla__prop_long_kex2_pro__nglyc_nglyc_ablated,SPpepO_pro,glaA_KR_3xAla,long_kex2_pro,nglyc_ablated,309
sp_SPpepO_pro__sb_glaA_KR_3xAla__prop_long_kex2_pro__nglyc_nglyc_native,SPpepO_pro,glaA_KR_3xAla,long_kex2_pro,nglyc_native,309
sp_SPpepO_pro__sb_glaA_KR_3xAla__prop_none__nglyc_nglyc_ablated,SPpepO_pro,glaA_KR_3xAla,none,nglyc_ablated,298
sp_SPpepO_pro__sb_glaA_KR_3xAla__prop_none__nglyc_nglyc_native,SPpepO_pro,glaA_KR_3xAla,none,nglyc_native,298
sp_SPpepO_pro__sb_glaA_KR_3xAla__prop_short_kex2_pro__nglyc_nglyc_ablated,SPpepO_pro,glaA_KR_3xAla,short_kex2_pro,nglyc_ablated,304
sp_SPpepO_pro__sb_glaA_KR_3xAla__prop_short_kex2_pro__nglyc_nglyc_native,SPpepO_pro,glaA_KR_3xAla,short_kex2_pro,nglyc_native,304
sp_SPpepO_pro__sb_glaA_KR_pts1ok__prop_long_kex2_pro__nglyc_nglyc_ablated,SPpepO_pro,glaA_KR_pts1ok,long_kex2_pro,nglyc_ablated,306
sp_SPpepO_pro__sb_glaA_KR_pts1ok__prop_long_kex2_pro__nglyc_nglyc_native,SPpepO_pro,glaA_KR_pts1ok,long_kex2_pro,nglyc_native,306
sp_SPpepO_pro__sb_glaA_KR_pts1ok__prop_none__nglyc_nglyc_ablated,SPpepO_pro,glaA_KR_pts1ok,none,nglyc_ablated,295
sp_SPpepO_pro__sb_glaA_KR_pts1ok__prop_none__nglyc_nglyc_native,SPpepO_pro,glaA_KR_pts1ok,none,nglyc_native,295
sp_SPpepO_pro__sb_glaA_KR_pts1ok__prop_short_kex2_pro__nglyc_nglyc_ablated,SPpepO_pro,glaA_KR_pts1ok,short_kex2_pro,nglyc_ablated,301
sp_SPpepO_pro__sb_glaA_KR_pts1ok__prop_short_kex2_pro__nglyc_nglyc_native,SPpepO_pro,glaA_KR_pts1ok,short_kex2_pro,nglyc_native,301
sp_SPpepO_pro__sb_glaA_trunc_KR_3xAla__prop_long_kex2_pro__nglyc_nglyc_ablated,SPpepO_pro,glaA_trunc_KR_3xAla,long_kex2_pro,nglyc_ablated,309
sp_SPpepO_pro__sb_glaA_trunc_KR_3xAla__prop_long_kex2_pro__nglyc_nglyc_native,SPpepO_pro,glaA_trunc_KR_3xAla,long_kex2_pro,nglyc_native,309
sp_SPpepO_pro__sb_glaA_trunc_KR_3xAla__prop_none__nglyc_nglyc_ablated,SPpepO_pro,glaA_trunc_KR_3xAla,none,nglyc_ablated,298
sp_SPpepO_pro__sb_glaA_trunc_KR_3xAla__prop_none__nglyc_nglyc_native,SPpepO_pro,glaA_trunc_KR_3xAla,none,nglyc_native,298
sp_SPpepO_pro__sb_glaA_trunc_KR_3xAla__prop_short_kex2_pro__nglyc_nglyc_ablated,SPpepO_pro,glaA_trunc_KR_3xAla,short_kex2_pro,nglyc_ablated,304
sp_SPpepO_pro__sb_glaA_trunc_KR_3xAla__prop_short_kex2_pro__nglyc_nglyc_native,SPpepO_pro,glaA_trunc_KR_3xAla,short_kex2_pro,nglyc_native,304
sp_SPpepO_pro__sb_glaA_trunc_KR_pts1ok__prop_long_kex2_pro__nglyc_nglyc_ablated,SPpepO_pro,glaA_trunc_KR_pts1ok,long_kex2_pro,nglyc_ablated,306
sp_SPpepO_pro__sb_glaA_trunc_KR_pts1ok__prop_long_kex2_pro__nglyc_nglyc_native,SPpepO_pro,glaA_trunc_KR_pts1ok,long_kex2_pro,nglyc_native,306
sp_SPpepO_pro__sb_glaA_trunc_KR_pts1ok__prop_none__nglyc_nglyc_ablated,SPpepO_pro,glaA_trunc_KR_pts1ok,none,nglyc_ablated,295
sp_SPpepO_pro__sb_glaA_trunc_KR_pts1ok__prop_none__nglyc_nglyc_native,SPpepO_pro,glaA_trunc_KR_pts1ok,none,nglyc_native,295
sp_SPpepO_pro__sb_glaA_trunc_KR_pts1ok__prop_short_kex2_pro__nglyc_nglyc_ablated,SPpepO_pro,glaA_trunc_KR_pts1ok,short_kex2_pro,nglyc_ablated,301
sp_SPpepO_pro__sb_glaA_trunc_KR_pts1ok__prop_short_kex2_pro__nglyc_nglyc_native,SPpepO_pro,glaA_trunc_KR_pts1ok,short_kex2_pro,nglyc_native,301
sp_SPpepO_pro__sb_tandem_KEX2_pts1ok__prop_long_kex2_pro__nglyc_nglyc_ablated,SPpepO_pro,tandem_KEX2_pts1ok,long_kex2_pro,nglyc_ablated,306
sp_SPpepO_pro__sb_tandem_KEX2_pts1ok__prop_long_kex2_pro__nglyc_nglyc_native,SPpepO_pro,tandem_KEX2_pts1ok,long_kex2_pro,nglyc_native,306
sp_SPpepO_pro__sb_tandem_KEX2_pts1ok__prop_none__nglyc_nglyc_ablated,SPpepO_pro,tandem_KEX2_pts1ok,none,nglyc_ablated,295
sp_SPpepO_pro__sb_tandem_KEX2_pts1ok__prop_none__nglyc_nglyc_native,SPpepO_pro,tandem_KEX2_pts1ok,none,nglyc_native,295
sp_SPpepO_pro__sb_tandem_KEX2_pts1ok__prop_short_kex2_pro__nglyc_nglyc_ablated,SPpepO_pro,tandem_KEX2_pts1ok,short_kex2_pro,nglyc_ablated,301
sp_SPpepO_pro__sb_tandem_KEX2_pts1ok__prop_short_kex2_pro__nglyc_nglyc_native,SPpepO_pro,tandem_KEX2_pts1ok,short_kex2_pro,nglyc_native,301
