promoter,sp,codon,scaffold_base,propeptide,nglyc,cai,mrna_5p,rare_clusters,chaperone_load,promoter_sp_prior,concordance_n,composite,top20_cai,top20_mrna_5p,top20_chaperone_load,top20_promoter_sp_prior
PamyB,SPamyB_pro,5p_softened,direct_3xAla_pts1blk,prop_none,nglyc_ablated,0.91474,0.73333,2,0.00000,1.02000,4,0.91174,1,1,1,1
PamyB,SPamyB_pro,5p_softened,direct_his6_pts1ok,prop_none,nglyc_ablated,0.91474,0.73333,2,0.00000,1.02000,4,0.91174,1,1,1,1
PamyB,SPamyB,5p_softened,direct_3xAla_pts1blk,prop_none,nglyc_ablated,0.91474,0.73333,2,0.00000,1.00000,4,0.90419,1,1,1,1
PamyB,SPamyB,5p_softened,direct_his6_pts1ok,prop_none,nglyc_ablated,0.91474,0.73333,2,0.00000,1.00000,4,0.90419,1,1,1,1
PamyB,SPglaA_pro,5p_softened,direct_3xAla_pts1blk,prop_none,nglyc_ablated,0.91474,0.73333,2,0.00000,1.00000,4,0.90419,1,1,1,1
PamyB,SPglaA_pro,5p_softened,direct_his6_pts1ok,prop_none,nglyc_ablated,0.91474,0.73333,2,0.00000,1.00000,4,0.90419,1,1,1,1
PamyB,SPamyB_pro,5p_softened,direct_natag_pts1ok,prop_native,nglyc_ablated,0.91474,0.73333,2,0.25000,1.02000,4,0.90017,1,1,1,1
PamyB,SPamyB,5p_softened,direct_natag_pts1ok,prop_native,nglyc_ablated,0.91474,0.73333,2,0.25000,1.00000,4,0.89262,1,1,1,1
PamyB,SPglaA_pro,5p_softened,direct_natag_pts1ok,prop_native,nglyc_ablated,0.91474,0.73333,2,0.25000,1.00000,4,0.89262,1,1,1,1
PamyB,SPglaA,5p_softened,direct_3xAla_pts1blk,prop_none,nglyc_ablated,0.91474,0.73333,2,0.00000,0.95000,4,0.88532,1,1,1,1
PamyB,SPglaA,5p_softened,direct_his6_pts1ok,prop_none,nglyc_ablated,0.91474,0.73333,2,0.00000,0.95000,4,0.88532,1,1,1,1
PamyB,SPalpA_pro,5p_softened,direct_3xAla_pts1blk,prop_none,nglyc_ablated,0.91474,0.73333,2,0.00000,0.92000,4,0.87400,1,1,1,1
PamyB,SPalpA_pro,5p_softened,direct_his6_pts1ok,prop_none,nglyc_ablated,0.91474,0.73333,2,0.00000,0.92000,4,0.87400,1,1,1,1
PamyB,SPglaA,5p_softened,direct_natag_pts1ok,prop_native,nglyc_ablated,0.91474,0.73333,2,0.25000,0.95000,4,0.87375,1,1,1,1
PamyB,SPpepO_pro,5p_softened,direct_3xAla_pts1blk,prop_none,nglyc_ablated,0.91474,0.73333,2,0.00000,0.90000,4,0.86646,1,1,1,1
PamyB,SPpepO_pro,5p_softened,direct_his6_pts1ok,prop_none,nglyc_ablated,0.91474,0.73333,2,0.00000,0.90000,4,0.86646,1,1,1,1
PamyB,SPalpA_pro,5p_softened,direct_natag_pts1ok,prop_native,nglyc_ablated,0.91474,0.73333,2,0.25000,0.92000,4,0.86243,1,1,1,1
PamyB,SPalpA,5p_softened,direct_3xAla_pts1blk,prop_none,nglyc_ablated,0.91474,0.73333,2,0.00000,0.88000,4,0.85891,1,1,1,1
PamyB,SPalpA,5p_softened,direct_his6_pts1ok,prop_none,nglyc_ablated,0.91474,0.73333,2,0.00000,0.88000,4,0.85891,1,1,1,1
PamyB,SPpepO_pro,5p_softened,direct_natag_pts1ok,prop_native,nglyc_ablated,0.91474,0.73333,2,0.25000,0.90000,4,0.85488,1,1,1,1
PglaA,SPamyB_pro,5p_softened,direct_3xAla_pts1blk,prop_none,nglyc_ablated,0.91474,0.73333,2,0.00000,0.86700,4,0.85400,1,1,1,1
PglaA,SPamyB_pro,5p_softened,direct_his6_pts1ok,prop_none,nglyc_ablated,0.91474,0.73333,2,0.00000,0.86700,4,0.85400,1,1,1,1
PamyB,SPpepO,5p_softened,direct_3xAla_pts1blk,prop_none,nglyc_ablated,0.91474,0.73333,2,0.00000,0.85000,4,0.84759,1,1,1,1
PamyB,SPpepO,5p_softened,direct_his6_pts1ok,prop_none,nglyc_ablated,0.91474,0.73333,2,0.00000,0.85000,4,0.84759,1,1,1,1
PamyB,SPlipase_pro,5p_softened,direct_3xAla_pts1blk,prop_none,nglyc_ablated,0.91474,0.73333,2,0.00000,0.85000,4,0.84759,1,1,1,1
PamyB,SPlipase_pro,5p_softened,direct_his6_pts1ok,prop_none,nglyc_ablated,0.91474,0.73333,2,0.00000,0.85000,4,0.84759,1,1,1,1
PglaA,SPamyB,5p_softened,direct_3xAla_pts1blk,prop_none,nglyc_ablated,0.91474,0.73333,2,0.00000,0.85000,4,0.84759,1,1,1,1
PglaA,SPamyB,5p_softened,direct_his6_pts1ok,prop_none,nglyc_ablated,0.91474,0.73333,2,0.00000,0.85000,4,0.84759,1,1,1,1
PglaA,SPglaA_pro,5p_softened,direct_3xAla_pts1blk,prop_none,nglyc_ablated,0.91474,0.73333,2,0.00000,0.85000,4,0.84759,1,1,1,1
PglaA,SPglaA_pro,5p_softened,direct_his6_pts1ok,prop_none,nglyc_ablated,0.91474,0.73333,2,0.00000,0.85000,4,0.84759,1,1,1,1
PamyB,SPalpA,5p_softened,direct_natag_pts1ok,prop_native,nglyc_ablated,0.91474,0.73333,2,0.25000,0.88000,4,0.84734,1,1,1,1
PglaA,SPamyB_pro,5p_softened,direct_natag_pts1ok,prop_native,nglyc_ablated,0.91474,0.73333,2,0.25000,0.86700,4,0.84243,1,1,1,1
PamyB,SPlipase,5p_softened,direct_3xAla_pts1blk,prop_none,nglyc_ablated,0.91474,0.73333,2,0.00000,0.82000,4,0.83627,1,1,1,1
PamyB,SPlipase,5p_softened,direct_his6_pts1ok,prop_none,nglyc_ablated,0.91474,0.73333,2,0.00000,0.82000,4,0.83627,1,1,1,1
PamyB,SPpepO,5p_softened,direct_natag_pts1ok,prop_native,nglyc_ablated,0.91474,0.73333,2,0.25000,0.85000,4,0.83601,1,1,1,1
PamyB,SPlipase_pro,5p_softened,direct_natag_pts1ok,prop_native,nglyc_ablated,0.91474,0.73333,2,0.25000,0.85000,4,0.83601,1,1,1,1
PglaA,SPamyB,5p_softened,direct_natag_pts1ok,prop_native,nglyc_ablated,0.91474,0.73333,2,0.25000,0.85000,4,0.83601,1,1,1,1
PglaA,SPglaA_pro,5p_softened,direct_natag_pts1ok,prop_native,nglyc_ablated,0.91474,0.73333,2,0.25000,0.85000,4,0.83601,1,1,1,1
PglaA,SPglaA,5p_softened,direct_3xAla_pts1blk,prop_none,nglyc_ablated,0.91474,0.73333,2,0.00000,0.80750,4,0.83155,1,1,1,1
PglaA,SPglaA,5p_softened,direct_his6_pts1ok,prop_none,nglyc_ablated,0.91474,0.73333,2,0.00000,0.80750,4,0.83155,1,1,1,1
PamyB,SPlipase,5p_softened,direct_natag_pts1ok,prop_native,nglyc_ablated,0.91474,0.73333,2,0.25000,0.82000,4,0.82469,1,1,1,1
PglaA,SPalpA_pro,5p_softened,direct_3xAla_pts1blk,prop_none,nglyc_ablated,0.91474,0.73333,2,0.00000,0.78200,4,0.82193,1,1,1,1
PglaA,SPalpA_pro,5p_softened,direct_his6_pts1ok,prop_none,nglyc_ablated,0.91474,0.73333,2,0.00000,0.78200,4,0.82193,1,1,1,1
PglaA,SPglaA,5p_softened,direct_natag_pts1ok,prop_native,nglyc_ablated,0.91474,0.73333,2,0.25000,0.80750,4,0.81998,1,1,1,1
PglaA,SPalpA_pro,5p_softened,direct_natag_pts1ok,prop_native,nglyc_ablated,0.91474,0.73333,2,0.25000,0.78200,4,0.81035,1,1,1,1
PamyB,SPamyB_pro,cai_max_gc54,direct_3xAla_pts1blk,prop_none,nglyc_ablated,0.75721,0.80000,2,0.00000,1.02000,3,0.90122,0,1,1,1
PamyB,SPamyB_pro,cai_max_gc54,direct_his6_pts1ok,prop_none,nglyc_ablated,0.75721,0.80000,2,0.00000,1.02000,3,0.90122,0,1,1,1
PamyB,SPamyB,cai_max_gc54,direct_3xAla_pts1blk,prop_none,nglyc_ablated,0.75721,0.80000,2,0.00000,1.00000,3,0.89368,0,1,1,1
PamyB,SPamyB,cai_max_gc54,direct_his6_pts1ok,prop_none,nglyc_ablated,0.75721,0.80000,2,0.00000,1.00000,3,0.89368,0,1,1,1
PamyB,SPglaA_pro,cai_max_gc54,direct_3xAla_pts1blk,prop_none,nglyc_ablated,0.75721,0.80000,2,0.00000,1.00000,3,0.89368,0,1,1,1
PamyB,SPglaA_pro,cai_max_gc54,direct_his6_pts1ok,prop_none,nglyc_ablated,0.75721,0.80000,2,0.00000,1.00000,3,0.89368,0,1,1,1
PamyB,SPamyB_pro,cai_max_gc54,direct_natag_pts1ok,prop_native,nglyc_ablated,0.75721,0.80000,2,0.25000,1.02000,3,0.88965,0,1,1,1
PamyB,SPamyB,cai_max_gc54,direct_natag_pts1ok,prop_native,nglyc_ablated,0.75721,0.80000,2,0.25000,1.00000,3,0.88210,0,1,1,1
PamyB,SPglaA_pro,cai_max_gc54,direct_natag_pts1ok,prop_native,nglyc_ablated,0.75721,0.80000,2,0.25000,1.00000,3,0.88210,0,1,1,1
PamyB,SPglaA,cai_max_gc54,direct_3xAla_pts1blk,prop_none,nglyc_ablated,0.75721,0.80000,2,0.00000,0.95000,3,0.87481,0,1,1,1
PamyB,SPglaA,cai_max_gc54,direct_his6_pts1ok,prop_none,nglyc_ablated,0.75721,0.80000,2,0.00000,0.95000,3,0.87481,0,1,1,1
PamyB,SPalpA_pro,cai_max_gc54,direct_3xAla_pts1blk,prop_none,nglyc_ablated,0.75721,0.80000,2,0.00000,0.92000,3,0.86349,0,1,1,1
PamyB,SPalpA_pro,cai_max_gc54,direct_his6_pts1ok,prop_none,nglyc_ablated,0.75721,0.80000,2,0.00000,0.92000,3,0.86349,0,1,1,1
PamyB,SPglaA,cai_max_gc54,direct_natag_pts1ok,prop_native,nglyc_ablated,0.75721,0.80000,2,0.25000,0.95000,3,0.86323,0,1,1,1
PamyB,SPpepO_pro,cai_max_gc54,direct_3xAla_pts1blk,prop_none,nglyc_ablated,0.75721,0.80000,2,0.00000,0.90000,3,0.85594,0,1,1,1
PamyB,SPpepO_pro,cai_max_gc54,direct_his6_pts1ok,prop_none,nglyc_ablated,0.75721,0.80000,2,0.00000,0.90000,3,0.85594,0,1,1,1
PamyB,SPalpA_pro,cai_max_gc54,direct_natag_pts1ok,prop_native,nglyc_ablated,0.75721,0.80000,2,0.25000,0.92000,3,0.85191,0,1,1,1
PamyB,SPalpA,cai_max_gc54,direct_3xAla_pts1blk,prop_none,nglyc_ablated,0.75721,0.80000,2,0.00000,0.88000,3,0.84839,0,1,1,1
PamyB,SPalpA,cai_max_gc54,direct_his6_pts1ok,prop_none,nglyc_ablated,0.75721,0.80000,2,0.00000,0.88000,3,0.84839,0,1,1,1
PamyB,SPpepO_pro,cai_max_gc54,direct_natag_pts1ok,prop_native,nglyc_ablated,0.75721,0.80000,2,0.25000,0.90000,3,0.84437,0,1,1,1
PglaA,SPamyB_pro,cai_max_gc54,direct_3xAla_pts1blk,prop_none,nglyc_ablated,0.75721,0.80000,2,0.00000,0.86700,3,0.84349,0,1,1,1
PglaA,SPamyB_pro,cai_max_gc54,direct_his6_pts1ok,prop_none,nglyc_ablated,0.75721,0.80000,2,0.00000,0.86700,3,0.84349,0,1,1,1
PamyB,SPpepO,cai_max_gc54,direct_3xAla_pts1blk,prop_none,nglyc_ablated,0.75721,0.80000,2,0.00000,0.85000,3,0.83707,0,1,1,1
PamyB,SPpepO,cai_max_gc54,direct_his6_pts1ok,prop_none,nglyc_ablated,0.75721,0.80000,2,0.00000,0.85000,3,0.83707,0,1,1,1
PamyB,SPlipase_pro,cai_max_gc54,direct_3xAla_pts1blk,prop_none,nglyc_ablated,0.75721,0.80000,2,0.00000,0.85000,3,0.83707,0,1,1,1
PamyB,SPlipase_pro,cai_max_gc54,direct_his6_pts1ok,prop_none,nglyc_ablated,0.75721,0.80000,2,0.00000,0.85000,3,0.83707,0,1,1,1
PglaA,SPamyB,cai_max_gc54,direct_3xAla_pts1blk,prop_none,nglyc_ablated,0.75721,0.80000,2,0.00000,0.85000,3,0.83707,0,1,1,1
PglaA,SPamyB,cai_max_gc54,direct_his6_pts1ok,prop_none,nglyc_ablated,0.75721,0.80000,2,0.00000,0.85000,3,0.83707,0,1,1,1
PglaA,SPglaA_pro,cai_max_gc54,direct_3xAla_pts1blk,prop_none,nglyc_ablated,0.75721,0.80000,2,0.00000,0.85000,3,0.83707,0,1,1,1
PglaA,SPglaA_pro,cai_max_gc54,direct_his6_pts1ok,prop_none,nglyc_ablated,0.75721,0.80000,2,0.00000,0.85000,3,0.83707,0,1,1,1
PamyB,SPalpA,cai_max_gc54,direct_natag_pts1ok,prop_native,nglyc_ablated,0.75721,0.80000,2,0.25000,0.88000,3,0.83682,0,1,1,1
PamyB,SPamyB_pro,cai_max,direct_3xAla_pts1blk,prop_none,nglyc_ablated,1.00000,0.59444,0,0.00000,1.02000,3,0.83482,1,0,1,1
PamyB,SPamyB_pro,cai_max,direct_his6_pts1ok,prop_none,nglyc_ablated,1.00000,0.59444,0,0.00000,1.02000,3,0.83482,1,0,1,1
PamyB,SPamyB_pro,high_gc,direct_3xAla_pts1blk,prop_none,nglyc_ablated,1.00000,0.59444,0,0.00000,1.02000,3,0.83482,1,0,1,1
PamyB,SPamyB_pro,high_gc,direct_his6_pts1ok,prop_none,nglyc_ablated,1.00000,0.59444,0,0.00000,1.02000,3,0.83482,1,0,1,1
PglaA,SPamyB_pro,cai_max_gc54,direct_natag_pts1ok,prop_native,nglyc_ablated,0.75721,0.80000,2,0.25000,0.86700,3,0.83191,0,1,1,1
PamyB,SPamyB,cai_max,direct_3xAla_pts1blk,prop_none,nglyc_ablated,1.00000,0.59444,0,0.00000,1.00000,3,0.82727,1,0,1,1
PamyB,SPamyB,cai_max,direct_his6_pts1ok,prop_none,nglyc_ablated,1.00000,0.59444,0,0.00000,1.00000,3,0.82727,1,0,1,1
PamyB,SPamyB,high_gc,direct_3xAla_pts1blk,prop_none,nglyc_ablated,1.00000,0.59444,0,0.00000,1.00000,3,0.82727,1,0,1,1
PamyB,SPamyB,high_gc,direct_his6_pts1ok,prop_none,nglyc_ablated,1.00000,0.59444,0,0.00000,1.00000,3,0.82727,1,0,1,1
PamyB,SPglaA_pro,cai_max,direct_3xAla_pts1blk,prop_none,nglyc_ablated,1.00000,0.59444,0,0.00000,1.00000,3,0.82727,1,0,1,1
PamyB,SPglaA_pro,cai_max,direct_his6_pts1ok,prop_none,nglyc_ablated,1.00000,0.59444,0,0.00000,1.00000,3,0.82727,1,0,1,1
PamyB,SPglaA_pro,high_gc,direct_3xAla_pts1blk,prop_none,nglyc_ablated,1.00000,0.59444,0,0.00000,1.00000,3,0.82727,1,0,1,1
PamyB,SPglaA_pro,high_gc,direct_his6_pts1ok,prop_none,nglyc_ablated,1.00000,0.59444,0,0.00000,1.00000,3,0.82727,1,0,1,1
PamyB,SPlipase,cai_max_gc54,direct_3xAla_pts1blk,prop_none,nglyc_ablated,0.75721,0.80000,2,0.00000,0.82000,3,0.82575,0,1,1,1
PamyB,SPlipase,cai_max_gc54,direct_his6_pts1ok,prop_none,nglyc_ablated,0.75721,0.80000,2,0.00000,0.82000,3,0.82575,0,1,1,1
PamyB,SPpepO,cai_max_gc54,direct_natag_pts1ok,prop_native,nglyc_ablated,0.75721,0.80000,2,0.25000,0.85000,3,0.82550,0,1,1,1
PamyB,SPlipase_pro,cai_max_gc54,direct_natag_pts1ok,prop_native,nglyc_ablated,0.75721,0.80000,2,0.25000,0.85000,3,0.82550,0,1,1,1
PglaA,SPamyB,cai_max_gc54,direct_natag_pts1ok,prop_native,nglyc_ablated,0.75721,0.80000,2,0.25000,0.85000,3,0.82550,0,1,1,1
PglaA,SPglaA_pro,cai_max_gc54,direct_natag_pts1ok,prop_native,nglyc_ablated,0.75721,0.80000,2,0.25000,0.85000,3,0.82550,0,1,1,1
PamyB,SPamyB_pro,cai_max,direct_natag_pts1ok,prop_native,nglyc_ablated,1.00000,0.59444,0,0.25000,1.02000,3,0.82325,1,0,1,1
PamyB,SPamyB_pro,high_gc,direct_natag_pts1ok,prop_native,nglyc_ablated,1.00000,0.59444,0,0.25000,1.02000,3,0.82325,1,0,1,1
PglaA,SPglaA,cai_max_gc54,direct_3xAla_pts1blk,prop_none,nglyc_ablated,0.75721,0.80000,2,0.00000,0.80750,3,0.82103,0,1,1,1
PglaA,SPglaA,cai_max_gc54,direct_his6_pts1ok,prop_none,nglyc_ablated,0.75721,0.80000,2,0.00000,0.80750,3,0.82103,0,1,1,1
PamyB,SPamyB_pro,5p_softened,glaA_trunc_KR_3xAla,prop_native,nglyc_ablated,0.91474,0.73333,2,2.05000,1.02000,3,0.81683,1,1,0,1
PamyB,SPamyB_pro,5p_softened_balanced,direct_3xAla_pts1blk,prop_none,nglyc_ablated,0.67874,0.73333,2,0.00000,1.02000,3,0.81573,0,1,1,1
PamyB,SPamyB_pro,5p_softened_balanced,direct_his6_pts1ok,prop_none,nglyc_ablated,0.67874,0.73333,2,0.00000,1.02000,3,0.81573,0,1,1,1
PamyB,SPamyB,cai_max,direct_natag_pts1ok,prop_native,nglyc_ablated,1.00000,0.59444,0,0.25000,1.00000,3,0.81570,1,0,1,1
PamyB,SPamyB,high_gc,direct_natag_pts1ok,prop_native,nglyc_ablated,1.00000,0.59444,0,0.25000,1.00000,3,0.81570,1,0,1,1
PamyB,SPglaA_pro,cai_max,direct_natag_pts1ok,prop_native,nglyc_ablated,1.00000,0.59444,0,0.25000,1.00000,3,0.81570,1,0,1,1
PamyB,SPglaA_pro,high_gc,direct_natag_pts1ok,prop_native,nglyc_ablated,1.00000,0.59444,0,0.25000,1.00000,3,0.81570,1,0,1,1
PglaA,SPpepO_pro,5p_softened,direct_3xAla_pts1blk,prop_none,nglyc_ablated,0.91474,0.73333,2,0.00000,0.76500,3,0.81551,1,1,1,0
PglaA,SPpepO_pro,5p_softened,direct_his6_pts1ok,prop_none,nglyc_ablated,0.91474,0.73333,2,0.00000,0.76500,3,0.81551,1,1,1,0
PamyB,SPlipase,cai_max_gc54,direct_natag_pts1ok,prop_native,nglyc_ablated,0.75721,0.80000,2,0.25000,0.82000,3,0.81418,0,1,1,1
PglaA,SPalpA_pro,cai_max_gc54,direct_3xAla_pts1blk,prop_none,nglyc_ablated,0.75721,0.80000,2,0.00000,0.78200,3,0.81141,0,1,1,1
PglaA,SPalpA_pro,cai_max_gc54,direct_his6_pts1ok,prop_none,nglyc_ablated,0.75721,0.80000,2,0.00000,0.78200,3,0.81141,0,1,1,1
PglaA,SPglaA,cai_max_gc54,direct_natag_pts1ok,prop_native,nglyc_ablated,0.75721,0.80000,2,0.25000,0.80750,3,0.80946,0,1,1,1
PamyB,SPamyB,5p_softened,glaA_trunc_KR_3xAla,prop_native,nglyc_ablated,0.91474,0.73333,2,2.05000,1.00000,3,0.80929,1,1,0,1
PamyB,SPglaA_pro,5p_softened,glaA_trunc_KR_3xAla,prop_native,nglyc_ablated,0.91474,0.73333,2,2.05000,1.00000,3,0.80929,1,1,0,1
PglaA,SPalpA,5p_softened,direct_3xAla_pts1blk,prop_none,nglyc_ablated,0.91474,0.73333,2,0.00000,0.74800,3,0.80910,1,1,1,0
PglaA,SPalpA,5p_softened,direct_his6_pts1ok,prop_none,nglyc_ablated,0.91474,0.73333,2,0.00000,0.74800,3,0.80910,1,1,1,0
PamyB,SPglaA,cai_max,direct_3xAla_pts1blk,prop_none,nglyc_ablated,1.00000,0.59444,0,0.00000,0.95000,3,0.80841,1,0,1,1
PamyB,SPglaA,cai_max,direct_his6_pts1ok,prop_none,nglyc_ablated,1.00000,0.59444,0,0.00000,0.95000,3,0.80841,1,0,1,1
PamyB,SPglaA,high_gc,direct_3xAla_pts1blk,prop_none,nglyc_ablated,1.00000,0.59444,0,0.00000,0.95000,3,0.80841,1,0,1,1
PamyB,SPglaA,high_gc,direct_his6_pts1ok,prop_none,nglyc_ablated,1.00000,0.59444,0,0.00000,0.95000,3,0.80841,1,0,1,1
PamyB,SPamyB,5p_softened_balanced,direct_3xAla_pts1blk,prop_none,nglyc_ablated,0.67874,0.73333,2,0.00000,1.00000,3,0.80818,0,1,1,1
PamyB,SPamyB,5p_softened_balanced,direct_his6_pts1ok,prop_none,nglyc_ablated,0.67874,0.73333,2,0.00000,1.00000,3,0.80818,0,1,1,1
PamyB,SPglaA_pro,5p_softened_balanced,direct_3xAla_pts1blk,prop_none,nglyc_ablated,0.67874,0.73333,2,0.00000,1.00000,3,0.80818,0,1,1,1
PamyB,SPglaA_pro,5p_softened_balanced,direct_his6_pts1ok,prop_none,nglyc_ablated,0.67874,0.73333,2,0.00000,1.00000,3,0.80818,0,1,1,1
PamyB,SPamyB_pro,5p_softened_balanced,direct_natag_pts1ok,prop_native,nglyc_ablated,0.67874,0.73333,2,0.25000,1.02000,3,0.80415,0,1,1,1
PglaA,SPpepO_pro,5p_softened,direct_natag_pts1ok,prop_native,nglyc_ablated,0.91474,0.73333,2,0.25000,0.76500,3,0.80394,1,1,1,0
PamyB,SPamyB_pro,5p_softened,glaA_trunc_KR_pts1ok,prop_native,nglyc_ablated,0.91474,0.73333,2,2.35000,1.02000,3,0.80294,1,1,0,1
PglaA,SPalpA_pro,cai_max_gc54,direct_natag_pts1ok,prop_native,nglyc_ablated,0.75721,0.80000,2,0.25000,0.78200,3,0.79984,0,1,1,1
PglaA,SPpepO,5p_softened,direct_3xAla_pts1blk,prop_none,nglyc_ablated,0.91474,0.73333,2,0.00000,0.72250,3,0.79948,1,1,1,0
PglaA,SPpepO,5p_softened,direct_his6_pts1ok,prop_none,nglyc_ablated,0.91474,0.73333,2,0.00000,0.72250,3,0.79948,1,1,1,0
PglaA,SPlipase_pro,5p_softened,direct_3xAla_pts1blk,prop_none,nglyc_ablated,0.91474,0.73333,2,0.00000,0.72250,3,0.79948,1,1,1,0
PglaA,SPlipase_pro,5p_softened,direct_his6_pts1ok,prop_none,nglyc_ablated,0.91474,0.73333,2,0.00000,0.72250,3,0.79948,1,1,1,0
PglaA,SPalpA,5p_softened,direct_natag_pts1ok,prop_native,nglyc_ablated,0.91474,0.73333,2,0.25000,0.74800,3,0.79752,1,1,1,0
PamyB,SPalpA_pro,cai_max,direct_3xAla_pts1blk,prop_none,nglyc_ablated,1.00000,0.59444,0,0.00000,0.92000,3,0.79709,1,0,1,1
PamyB,SPalpA_pro,cai_max,direct_his6_pts1ok,prop_none,nglyc_ablated,1.00000,0.59444,0,0.00000,0.92000,3,0.79709,1,0,1,1
PamyB,SPalpA_pro,high_gc,direct_3xAla_pts1blk,prop_none,nglyc_ablated,1.00000,0.59444,0,0.00000,0.92000,3,0.79709,1,0,1,1
PamyB,SPalpA_pro,high_gc,direct_his6_pts1ok,prop_none,nglyc_ablated,1.00000,0.59444,0,0.00000,0.92000,3,0.79709,1,0,1,1
PamyB,SPglaA,cai_max,direct_natag_pts1ok,prop_native,nglyc_ablated,1.00000,0.59444,0,0.25000,0.95000,3,0.79683,1,0,1,1
PamyB,SPglaA,high_gc,direct_natag_pts1ok,prop_native,nglyc_ablated,1.00000,0.59444,0,0.25000,0.95000,3,0.79683,1,0,1,1
PamyB,SPamyB,5p_softened_balanced,direct_natag_pts1ok,prop_native,nglyc_ablated,0.67874,0.73333,2,0.25000,1.00000,3,0.79661,0,1,1,1
PamyB,SPglaA_pro,5p_softened_balanced,direct_natag_pts1ok,prop_native,nglyc_ablated,0.67874,0.73333,2,0.25000,1.00000,3,0.79661,0,1,1,1
PenoA,SPamyB_pro,5p_softened,direct_3xAla_pts1blk,prop_none,nglyc_ablated,0.91474,0.73333,2,0.00000,0.71400,3,0.79627,1,1,1,0
PenoA,SPamyB_pro,5p_softened,direct_his6_pts1ok,prop_none,nglyc_ablated,0.91474,0.73333,2,0.00000,0.71400,3,0.79627,1,1,1,0
PamyB,SPamyB,5p_softened,glaA_trunc_KR_pts1ok,prop_native,nglyc_ablated,0.91474,0.73333,2,2.35000,1.00000,3,0.79540,1,1,0,1
PamyB,SPglaA_pro,5p_softened,glaA_trunc_KR_pts1ok,prop_native,nglyc_ablated,0.91474,0.73333,2,2.35000,1.00000,3,0.79540,1,1,0,1
PenoA,SPamyB,5p_softened,direct_3xAla_pts1blk,prop_none,nglyc_ablated,0.91474,0.73333,2,0.00000,0.70000,3,0.79099,1,1,1,0
PenoA,SPamyB,5p_softened,direct_his6_pts1ok,prop_none,nglyc_ablated,0.91474,0.73333,2,0.00000,0.70000,3,0.79099,1,1,1,0
PenoA,SPglaA_pro,5p_softened,direct_3xAla_pts1blk,prop_none,nglyc_ablated,0.91474,0.73333,2,0.00000,0.70000,3,0.79099,1,1,1,0
PenoA,SPglaA_pro,5p_softened,direct_his6_pts1ok,prop_none,nglyc_ablated,0.91474,0.73333,2,0.00000,0.70000,3,0.79099,1,1,1,0
PamyB,SPglaA,5p_softened,glaA_trunc_KR_3xAla,prop_native,nglyc_ablated,0.91474,0.73333,2,2.05000,0.95000,3,0.79042,1,1,0,1
PglaA,SPlipase,5p_softened,direct_3xAla_pts1blk,prop_none,nglyc_ablated,0.91474,0.73333,2,0.00000,0.69700,3,0.78985,1,1,1,0
PglaA,SPlipase,5p_softened,direct_his6_pts1ok,prop_none,nglyc_ablated,0.91474,0.73333,2,0.00000,0.69700,3,0.78985,1,1,1,0
PamyB,SPpepO_pro,cai_max,direct_3xAla_pts1blk,prop_none,nglyc_ablated,1.00000,0.59444,0,0.00000,0.90000,3,0.78954,1,0,1,1
PamyB,SPpepO_pro,cai_max,direct_his6_pts1ok,prop_none,nglyc_ablated,1.00000,0.59444,0,0.00000,0.90000,3,0.78954,1,0,1,1
PamyB,SPpepO_pro,high_gc,direct_3xAla_pts1blk,prop_none,nglyc_ablated,1.00000,0.59444,0,0.00000,0.90000,3,0.78954,1,0,1,1
PamyB,SPpepO_pro,high_gc,direct_his6_pts1ok,prop_none,nglyc_ablated,1.00000,0.59444,0,0.00000,0.90000,3,0.78954,1,0,1,1
PamyB,SPglaA,5p_softened_balanced,direct_3xAla_pts1blk,prop_none,nglyc_ablated,0.67874,0.73333,2,0.00000,0.95000,3,0.78931,0,1,1,1
PamyB,SPglaA,5p_softened_balanced,direct_his6_pts1ok,prop_none,nglyc_ablated,0.67874,0.73333,2,0.00000,0.95000,3,0.78931,0,1,1,1
PglaA,SPpepO,5p_softened,direct_natag_pts1ok,prop_native,nglyc_ablated,0.91474,0.73333,2,0.25000,0.72250,3,0.78790,1,1,1,0
PglaA,SPlipase_pro,5p_softened,direct_natag_pts1ok,prop_native,nglyc_ablated,0.91474,0.73333,2,0.25000,0.72250,3,0.78790,1,1,1,0
PamyB,SPalpA_pro,cai_max,direct_natag_pts1ok,prop_native,nglyc_ablated,1.00000,0.59444,0,0.25000,0.92000,3,0.78551,1,0,1,1
PamyB,SPalpA_pro,high_gc,direct_natag_pts1ok,prop_native,nglyc_ablated,1.00000,0.59444,0,0.25000,0.92000,3,0.78551,1,0,1,1
PenoA,SPamyB_pro,5p_softened,direct_natag_pts1ok,prop_native,nglyc_ablated,0.91474,0.73333,2,0.25000,0.71400,3,0.78469,1,1,1,0
PamyB,SPcbhI_pro,5p_softened,direct_3xAla_pts1blk,prop_none,nglyc_ablated,0.91474,0.73333,2,0.00000,0.68000,3,0.78344,1,1,1,0
PamyB,SPcbhI_pro,5p_softened,direct_his6_pts1ok,prop_none,nglyc_ablated,0.91474,0.73333,2,0.00000,0.68000,3,0.78344,1,1,1,0
PamyB,SPalpA,cai_max,direct_3xAla_pts1blk,prop_none,nglyc_ablated,1.00000,0.59444,0,0.00000,0.88000,3,0.78199,1,0,1,1
PamyB,SPalpA,cai_max,direct_his6_pts1ok,prop_none,nglyc_ablated,1.00000,0.59444,0,0.00000,0.88000,3,0.78199,1,0,1,1
PamyB,SPalpA,high_gc,direct_3xAla_pts1blk,prop_none,nglyc_ablated,1.00000,0.59444,0,0.00000,0.88000,3,0.78199,1,0,1,1
PamyB,SPalpA,high_gc,direct_his6_pts1ok,prop_none,nglyc_ablated,1.00000,0.59444,0,0.00000,0.88000,3,0.78199,1,0,1,1
PenoA,SPamyB,5p_softened,direct_natag_pts1ok,prop_native,nglyc_ablated,0.91474,0.73333,2,0.25000,0.70000,3,0.77941,1,1,1,0
PenoA,SPglaA_pro,5p_softened,direct_natag_pts1ok,prop_native,nglyc_ablated,0.91474,0.73333,2,0.25000,0.70000,3,0.77941,1,1,1,0
PamyB,SPalpA_pro,5p_softened,glaA_trunc_KR_3xAla,prop_native,nglyc_ablated,0.91474,0.73333,2,2.05000,0.92000,3,0.77910,1,1,0,1
PglaA,SPlipase,5p_softened,direct_natag_pts1ok,prop_native,nglyc_ablated,0.91474,0.73333,2,0.25000,0.69700,3,0.77828,1,1,1,0
PamyB,SPalpA_pro,5p_softened_balanced,direct_3xAla_pts1blk,prop_none,nglyc_ablated,0.67874,0.73333,2,0.00000,0.92000,3,0.77799,0,1,1,1
PamyB,SPalpA_pro,5p_softened_balanced,direct_his6_pts1ok,prop_none,nglyc_ablated,0.67874,0.73333,2,0.00000,0.92000,3,0.77799,0,1,1,1
PamyB,SPpepO_pro,cai_max,direct_natag_pts1ok,prop_native,nglyc_ablated,1.00000,0.59444,0,0.25000,0.90000,3,0.77796,1,0,1,1
PamyB,SPpepO_pro,high_gc,direct_natag_pts1ok,prop_native,nglyc_ablated,1.00000,0.59444,0,0.25000,0.90000,3,0.77796,1,0,1,1
PenoA,SPglaA,5p_softened,direct_3xAla_pts1blk,prop_none,nglyc_ablated,0.91474,0.73333,2,0.00000,0.66500,3,0.77778,1,1,1,0
PenoA,SPglaA,5p_softened,direct_his6_pts1ok,prop_none,nglyc_ablated,0.91474,0.73333,2,0.00000,0.66500,3,0.77778,1,1,1,0
PamyB,SPglaA,5p_softened_balanced,direct_natag_pts1ok,prop_native,nglyc_ablated,0.67874,0.73333,2,0.25000,0.95000,3,0.77774,0,1,1,1
PglaA,SPamyB_pro,cai_max,direct_3xAla_pts1blk,prop_none,nglyc_ablated,1.00000,0.59444,0,0.00000,0.86700,3,0.77709,1,0,1,1
PglaA,SPamyB_pro,cai_max,direct_his6_pts1ok,prop_none,nglyc_ablated,1.00000,0.59444,0,0.00000,0.86700,3,0.77709,1,0,1,1
PglaA,SPamyB_pro,high_gc,direct_3xAla_pts1blk,prop_none,nglyc_ablated,1.00000,0.59444,0,0.00000,0.86700,3,0.77709,1,0,1,1
PglaA,SPamyB_pro,high_gc,direct_his6_pts1ok,prop_none,nglyc_ablated,1.00000,0.59444,0,0.00000,0.86700,3,0.77709,1,0,1,1
PtefI,SPamyB_pro,5p_softened,direct_3xAla_pts1blk,prop_none,nglyc_ablated,0.91474,0.73333,2,0.00000,0.66300,3,0.77702,1,1,1,0
PtefI,SPamyB_pro,5p_softened,direct_his6_pts1ok,prop_none,nglyc_ablated,0.91474,0.73333,2,0.00000,0.66300,3,0.77702,1,1,1,0
PamyB,SPglaA,5p_softened,glaA_trunc_KR_pts1ok,prop_native,nglyc_ablated,0.91474,0.73333,2,2.35000,0.95000,3,0.77653,1,1,0,1
PamyB,SPcbhI,5p_softened,direct_3xAla_pts1blk,prop_none,nglyc_ablated,0.91474,0.73333,2,0.00000,0.65000,3,0.77212,1,1,1,0
PamyB,SPcbhI,5p_softened,direct_his6_pts1ok,prop_none,nglyc_ablated,0.91474,0.73333,2,0.00000,0.65000,3,0.77212,1,1,1,0
PtefI,SPamyB,5p_softened,direct_3xAla_pts1blk,prop_none,nglyc_ablated,0.91474,0.73333,2,0.00000,0.65000,3,0.77212,1,1,1,0
PtefI,SPamyB,5p_softened,direct_his6_pts1ok,prop_none,nglyc_ablated,0.91474,0.73333,2,0.00000,0.65000,3,0.77212,1,1,1,0
PtefI,SPglaA_pro,5p_softened,direct_3xAla_pts1blk,prop_none,nglyc_ablated,0.91474,0.73333,2,0.00000,0.65000,3,0.77212,1,1,1,0
PtefI,SPglaA_pro,5p_softened,direct_his6_pts1ok,prop_none,nglyc_ablated,0.91474,0.73333,2,0.00000,0.65000,3,0.77212,1,1,1,0
PamyB,SPcbhI_pro,5p_softened,direct_natag_pts1ok,prop_native,nglyc_ablated,0.91474,0.73333,2,0.25000,0.68000,3,0.77186,1,1,1,0
PamyB,SPpepO_pro,5p_softened,glaA_trunc_KR_3xAla,prop_native,nglyc_ablated,0.91474,0.73333,2,2.05000,0.90000,3,0.77155,1,1,0,1
PamyB,SPpepO,cai_max,direct_3xAla_pts1blk,prop_none,nglyc_ablated,1.00000,0.59444,0,0.00000,0.85000,3,0.77067,1,0,1,1
PamyB,SPpepO,cai_max,direct_his6_pts1ok,prop_none,nglyc_ablated,1.00000,0.59444,0,0.00000,0.85000,3,0.77067,1,0,1,1
PamyB,SPpepO,high_gc,direct_3xAla_pts1blk,prop_none,nglyc_ablated,1.00000,0.59444,0,0.00000,0.85000,3,0.77067,1,0,1,1
PamyB,SPpepO,high_gc,direct_his6_pts1ok,prop_none,nglyc_ablated,1.00000,0.59444,0,0.00000,0.85000,3,0.77067,1,0,1,1
PamyB,SPlipase_pro,cai_max,direct_3xAla_pts1blk,prop_none,nglyc_ablated,1.00000,0.59444,0,0.00000,0.85000,3,0.77067,1,0,1,1
PamyB,SPlipase_pro,cai_max,direct_his6_pts1ok,prop_none,nglyc_ablated,1.00000,0.59444,0,0.00000,0.85000,3,0.77067,1,0,1,1
PamyB,SPlipase_pro,high_gc,direct_3xAla_pts1blk,prop_none,nglyc_ablated,1.00000,0.59444,0,0.00000,0.85000,3,0.77067,1,0,1,1
PamyB,SPlipase_pro,high_gc,direct_his6_pts1ok,prop_none,nglyc_ablated,1.00000,0.59444,0,0.00000,0.85000,3,0.77067,1,0,1,1
PglaA,SPamyB,cai_max,direct_3xAla_pts1blk,prop_none,nglyc_ablated,1.00000,0.59444,0,0.00000,0.85000,3,0.77067,1,0,1,1
PglaA,SPamyB,cai_max,direct_his6_pts1ok,prop_none,nglyc_ablated,1.00000,0.59444,0,0.00000,0.85000,3,0.77067,1,0,1,1
PglaA,SPamyB,high_gc,direct_3xAla_pts1blk,prop_none,nglyc_ablated,1.00000,0.59444,0,0.00000,0.85000,3,0.77067,1,0,1,1
PglaA,SPamyB,high_gc,direct_his6_pts1ok,prop_none,nglyc_ablated,1.00000,0.59444,0,0.00000,0.85000,3,0.77067,1,0,1,1
PglaA,SPglaA_pro,cai_max,direct_3xAla_pts1blk,prop_none,nglyc_ablated,1.00000,0.59444,0,0.00000,0.85000,3,0.77067,1,0,1,1
PglaA,SPglaA_pro,cai_max,direct_his6_pts1ok,prop_none,nglyc_ablated,1.00000,0.59444,0,0.00000,0.85000,3,0.77067,1,0,1,1
PglaA,SPglaA_pro,high_gc,direct_3xAla_pts1blk,prop_none,nglyc_ablated,1.00000,0.59444,0,0.00000,0.85000,3,0.77067,1,0,1,1
PglaA,SPglaA_pro,high_gc,direct_his6_pts1ok,prop_none,nglyc_ablated,1.00000,0.59444,0,0.00000,0.85000,3,0.77067,1,0,1,1
PamyB,SPpepO_pro,5p_softened_balanced,direct_3xAla_pts1blk,prop_none,nglyc_ablated,0.67874,0.73333,2,0.00000,0.90000,3,0.77044,0,1,1,1
PamyB,SPpepO_pro,5p_softened_balanced,direct_his6_pts1ok,prop_none,nglyc_ablated,0.67874,0.73333,2,0.00000,0.90000,3,0.77044,0,1,1,1
PamyB,SPalpA,cai_max,direct_natag_pts1ok,prop_native,nglyc_ablated,1.00000,0.59444,0,0.25000,0.88000,3,0.77042,1,0,1,1
PamyB,SPalpA,high_gc,direct_natag_pts1ok,prop_native,nglyc_ablated,1.00000,0.59444,0,0.25000,0.88000,3,0.77042,1,0,1,1
PenoA,SPalpA_pro,5p_softened,direct_3xAla_pts1blk,prop_none,nglyc_ablated,0.91474,0.73333,2,0.00000,0.64400,3,0.76985,1,1,1,0
PenoA,SPalpA_pro,5p_softened,direct_his6_pts1ok,prop_none,nglyc_ablated,0.91474,0.73333,2,0.00000,0.64400,3,0.76985,1,1,1,0
PamyB,SPalpA_pro,5p_softened_balanced,direct_natag_pts1ok,prop_native,nglyc_ablated,0.67874,0.73333,2,0.25000,0.92000,3,0.76642,0,1,1,1
PenoA,SPglaA,5p_softened,direct_natag_pts1ok,prop_native,nglyc_ablated,0.91474,0.73333,2,0.25000,0.66500,3,0.76620,1,1,1,0
PglaA,SPamyB_pro,cai_max,direct_natag_pts1ok,prop_native,nglyc_ablated,1.00000,0.59444,0,0.25000,0.86700,3,0.76551,1,0,1,1
PglaA,SPamyB_pro,high_gc,direct_natag_pts1ok,prop_native,nglyc_ablated,1.00000,0.59444,0,0.25000,0.86700,3,0.76551,1,0,1,1
PtefI,SPamyB_pro,5p_softened,direct_natag_pts1ok,prop_native,nglyc_ablated,0.91474,0.73333,2,0.25000,0.66300,3,0.76545,1,1,1,0
PamyB,SPalpA_pro,5p_softened,glaA_trunc_KR_pts1ok,prop_native,nglyc_ablated,0.91474,0.73333,2,2.35000,0.92000,3,0.76521,1,1,0,1
PenoA,SPpepO_pro,5p_softened,direct_3xAla_pts1blk,prop_none,nglyc_ablated,0.91474,0.73333,2,0.00000,0.63000,3,0.76457,1,1,1,0
PenoA,SPpepO_pro,5p_softened,direct_his6_pts1ok,prop_none,nglyc_ablated,0.91474,0.73333,2,0.00000,0.63000,3,0.76457,1,1,1,0
PamyB,SPalpA,5p_softened,glaA_trunc_KR_3xAla,prop_native,nglyc_ablated,0.91474,0.73333,2,2.05000,0.88000,3,0.76400,1,1,0,1
PamyB,SPalpA,5p_softened_balanced,direct_3xAla_pts1blk,prop_none,nglyc_ablated,0.67874,0.73333,2,0.00000,0.88000,3,0.76290,0,1,1,1
PamyB,SPalpA,5p_softened_balanced,direct_his6_pts1ok,prop_none,nglyc_ablated,0.67874,0.73333,2,0.00000,0.88000,3,0.76290,0,1,1,1
PamyB,SPcbhI,5p_softened,direct_natag_pts1ok,prop_native,nglyc_ablated,0.91474,0.73333,2,0.25000,0.65000,3,0.76054,1,1,1,0
PtefI,SPamyB,5p_softened,direct_natag_pts1ok,prop_native,nglyc_ablated,0.91474,0.73333,2,0.25000,0.65000,3,0.76054,1,1,1,0
PtefI,SPglaA_pro,5p_softened,direct_natag_pts1ok,prop_native,nglyc_ablated,0.91474,0.73333,2,0.25000,0.65000,3,0.76054,1,1,1,0
PtefI,SPglaA,5p_softened,direct_3xAla_pts1blk,prop_none,nglyc_ablated,0.91474,0.73333,2,0.00000,0.61750,3,0.75985,1,1,1,0
PtefI,SPglaA,5p_softened,direct_his6_pts1ok,prop_none,nglyc_ablated,0.91474,0.73333,2,0.00000,0.61750,3,0.75985,1,1,1,0
PamyB,SPlipase,cai_max,direct_3xAla_pts1blk,prop_none,nglyc_ablated,1.00000,0.59444,0,0.00000,0.82000,3,0.75935,1,0,1,1
PamyB,SPlipase,cai_max,direct_his6_pts1ok,prop_none,nglyc_ablated,1.00000,0.59444,0,0.00000,0.82000,3,0.75935,1,0,1,1
PamyB,SPlipase,high_gc,direct_3xAla_pts1blk,prop_none,nglyc_ablated,1.00000,0.59444,0,0.00000,0.82000,3,0.75935,1,0,1,1
PamyB,SPlipase,high_gc,direct_his6_pts1ok,prop_none,nglyc_ablated,1.00000,0.59444,0,0.00000,0.82000,3,0.75935,1,0,1,1
PenoA,SPalpA,5p_softened,direct_3xAla_pts1blk,prop_none,nglyc_ablated,0.91474,0.73333,2,0.00000,0.61600,3,0.75929,1,1,1,0
PenoA,SPalpA,5p_softened,direct_his6_pts1ok,prop_none,nglyc_ablated,0.91474,0.73333,2,0.00000,0.61600,3,0.75929,1,1,1,0
PglaA,SPamyB_pro,5p_softened,glaA_trunc_KR_3xAla,prop_native,nglyc_ablated,0.91474,0.73333,2,2.05000,0.86700,3,0.75910,1,1,0,1
PamyB,SPpepO,cai_max,direct_natag_pts1ok,prop_native,nglyc_ablated,1.00000,0.59444,0,0.25000,0.85000,3,0.75910,1,0,1,1
PamyB,SPpepO,high_gc,direct_natag_pts1ok,prop_native,nglyc_ablated,1.00000,0.59444,0,0.25000,0.85000,3,0.75910,1,0,1,1
PamyB,SPlipase_pro,cai_max,direct_natag_pts1ok,prop_native,nglyc_ablated,1.00000,0.59444,0,0.25000,0.85000,3,0.75910,1,0,1,1
PamyB,SPlipase_pro,high_gc,direct_natag_pts1ok,prop_native,nglyc_ablated,1.00000,0.59444,0,0.25000,0.85000,3,0.75910,1,0,1,1
PglaA,SPamyB,cai_max,direct_natag_pts1ok,prop_native,nglyc_ablated,1.00000,0.59444,0,0.25000,0.85000,3,0.75910,1,0,1,1
PglaA,SPamyB,high_gc,direct_natag_pts1ok,prop_native,nglyc_ablated,1.00000,0.59444,0,0.25000,0.85000,3,0.75910,1,0,1,1
PglaA,SPglaA_pro,cai_max,direct_natag_pts1ok,prop_native,nglyc_ablated,1.00000,0.59444,0,0.25000,0.85000,3,0.75910,1,0,1,1
PglaA,SPglaA_pro,high_gc,direct_natag_pts1ok,prop_native,nglyc_ablated,1.00000,0.59444,0,0.25000,0.85000,3,0.75910,1,0,1,1
PamyB,SPpepO_pro,5p_softened_balanced,direct_natag_pts1ok,prop_native,nglyc_ablated,0.67874,0.73333,2,0.25000,0.90000,3,0.75887,0,1,1,1
PenoA,SPalpA_pro,5p_softened,direct_natag_pts1ok,prop_native,nglyc_ablated,0.91474,0.73333,2,0.25000,0.64400,3,0.75828,1,1,1,0
PglaA,SPamyB_pro,5p_softened_balanced,direct_3xAla_pts1blk,prop_none,nglyc_ablated,0.67874,0.73333,2,0.00000,0.86700,3,0.75799,0,1,1,1
PglaA,SPamyB_pro,5p_softened_balanced,direct_his6_pts1ok,prop_none,nglyc_ablated,0.67874,0.73333,2,0.00000,0.86700,3,0.75799,0,1,1,1
PnmtA,SPamyB_pro,5p_softened,direct_3xAla_pts1blk,prop_none,nglyc_ablated,0.91474,0.73333,2,0.00000,0.61200,3,0.75778,1,1,1,0
PnmtA,SPamyB_pro,5p_softened,direct_his6_pts1ok,prop_none,nglyc_ablated,0.91474,0.73333,2,0.00000,0.61200,3,0.75778,1,1,1,0
PamyB,SPpepO_pro,5p_softened,glaA_trunc_KR_pts1ok,prop_native,nglyc_ablated,0.91474,0.73333,2,2.35000,0.90000,3,0.75766,1,1,0,1
PglaA,SPglaA,cai_max,direct_3xAla_pts1blk,prop_none,nglyc_ablated,1.00000,0.59444,0,0.00000,0.80750,3,0.75463,1,0,1,1
PglaA,SPglaA,cai_max,direct_his6_pts1ok,prop_none,nglyc_ablated,1.00000,0.59444,0,0.00000,0.80750,3,0.75463,1,0,1,1
PglaA,SPglaA,high_gc,direct_3xAla_pts1blk,prop_none,nglyc_ablated,1.00000,0.59444,0,0.00000,0.80750,3,0.75463,1,0,1,1
PglaA,SPglaA,high_gc,direct_his6_pts1ok,prop_none,nglyc_ablated,1.00000,0.59444,0,0.00000,0.80750,3,0.75463,1,0,1,1
PnmtA,SPamyB,5p_softened,direct_3xAla_pts1blk,prop_none,nglyc_ablated,0.91474,0.73333,2,0.00000,0.60000,3,0.75325,1,1,1,0
PnmtA,SPamyB,5p_softened,direct_his6_pts1ok,prop_none,nglyc_ablated,0.91474,0.73333,2,0.00000,0.60000,3,0.75325,1,1,1,0
PnmtA,SPglaA_pro,5p_softened,direct_3xAla_pts1blk,prop_none,nglyc_ablated,0.91474,0.73333,2,0.00000,0.60000,3,0.75325,1,1,1,0
PnmtA,SPglaA_pro,5p_softened,direct_his6_pts1ok,prop_none,nglyc_ablated,0.91474,0.73333,2,0.00000,0.60000,3,0.75325,1,1,1,0
PenoA,SPpepO_pro,5p_softened,direct_natag_pts1ok,prop_native,nglyc_ablated,0.91474,0.73333,2,0.25000,0.63000,3,0.75300,1,1,1,0
PamyB,SPpepO,5p_softened,glaA_trunc_KR_3xAla,prop_native,nglyc_ablated,0.91474,0.73333,2,2.05000,0.85000,3,0.75268,1,1,0,1
PamyB,SPlipase_pro,5p_softened,glaA_trunc_KR_3xAla,prop_native,nglyc_ablated,0.91474,0.73333,2,2.05000,0.85000,3,0.75268,1,1,0,1
PglaA,SPamyB,5p_softened,glaA_trunc_KR_3xAla,prop_native,nglyc_ablated,0.91474,0.73333,2,2.05000,0.85000,3,0.75268,1,1,0,1
PglaA,SPglaA_pro,5p_softened,glaA_trunc_KR_3xAla,prop_native,nglyc_ablated,0.91474,0.73333,2,2.05000,0.85000,3,0.75268,1,1,0,1
PtefI,SPalpA_pro,5p_softened,direct_3xAla_pts1blk,prop_none,nglyc_ablated,0.91474,0.73333,2,0.00000,0.59800,3,0.75249,1,1,1,0
PtefI,SPalpA_pro,5p_softened,direct_his6_pts1ok,prop_none,nglyc_ablated,0.91474,0.73333,2,0.00000,0.59800,3,0.75249,1,1,1,0
PamyB,SPpepO,5p_softened_balanced,direct_3xAla_pts1blk,prop_none,nglyc_ablated,0.67874,0.73333,2,0.00000,0.85000,3,0.75158,0,1,1,1
PamyB,SPpepO,5p_softened_balanced,direct_his6_pts1ok,prop_none,nglyc_ablated,0.67874,0.73333,2,0.00000,0.85000,3,0.75158,0,1,1,1
PamyB,SPlipase_pro,5p_softened_balanced,direct_3xAla_pts1blk,prop_none,nglyc_ablated,0.67874,0.73333,2,0.00000,0.85000,3,0.75158,0,1,1,1
PamyB,SPlipase_pro,5p_softened_balanced,direct_his6_pts1ok,prop_none,nglyc_ablated,0.67874,0.73333,2,0.00000,0.85000,3,0.75158,0,1,1,1
PglaA,SPamyB,5p_softened_balanced,direct_3xAla_pts1blk,prop_none,nglyc_ablated,0.67874,0.73333,2,0.00000,0.85000,3,0.75158,0,1,1,1
PglaA,SPamyB,5p_softened_balanced,direct_his6_pts1ok,prop_none,nglyc_ablated,0.67874,0.73333,2,0.00000,0.85000,3,0.75158,0,1,1,1
PglaA,SPglaA_pro,5p_softened_balanced,direct_3xAla_pts1blk,prop_none,nglyc_ablated,0.67874,0.73333,2,0.00000,0.85000,3,0.75158,0,1,1,1
PglaA,SPglaA_pro,5p_softened_balanced,direct_his6_pts1ok,prop_none,nglyc_ablated,0.67874,0.73333,2,0.00000,0.85000,3,0.75158,0,1,1,1
PenoA,SPpepO,5p_softened,direct_3xAla_pts1blk,prop_none,nglyc_ablated,0.91474,0.73333,2,0.00000,0.59500,3,0.75136,1,1,1,0
PenoA,SPpepO,5p_softened,direct_his6_pts1ok,prop_none,nglyc_ablated,0.91474,0.73333,2,0.00000,0.59500,3,0.75136,1,1,1,0
PenoA,SPlipase_pro,5p_softened,direct_3xAla_pts1blk,prop_none,nglyc_ablated,0.91474,0.73333,2,0.00000,0.59500,3,0.75136,1,1,1,0
PenoA,SPlipase_pro,5p_softened,direct_his6_pts1ok,prop_none,nglyc_ablated,0.91474,0.73333,2,0.00000,0.59500,3,0.75136,1,1,1,0
PamyB,SPalpA,5p_softened_balanced,direct_natag_pts1ok,prop_native,nglyc_ablated,0.67874,0.73333,2,0.25000,0.88000,3,0.75132,0,1,1,1
PamyB,SPalpA,5p_softened,glaA_trunc_KR_pts1ok,prop_native,nglyc_ablated,0.91474,0.73333,2,2.35000,0.88000,3,0.75011,1,1,0,1
PtefI,SPglaA,5p_softened,direct_natag_pts1ok,prop_native,nglyc_ablated,0.91474,0.73333,2,0.25000,0.61750,3,0.74828,1,1,1,0
PamyB,SPlipase,cai_max,direct_natag_pts1ok,prop_native,nglyc_ablated,1.00000,0.59444,0,0.25000,0.82000,3,0.74778,1,0,1,1
PamyB,SPlipase,high_gc,direct_natag_pts1ok,prop_native,nglyc_ablated,1.00000,0.59444,0,0.25000,0.82000,3,0.74778,1,0,1,1
PenoA,SPalpA,5p_softened,direct_natag_pts1ok,prop_native,nglyc_ablated,0.91474,0.73333,2,0.25000,0.61600,3,0.74771,1,1,1,0
PtefI,SPpepO_pro,5p_softened,direct_3xAla_pts1blk,prop_none,nglyc_ablated,0.91474,0.73333,2,0.00000,0.58500,3,0.74759,1,1,1,0
PtefI,SPpepO_pro,5p_softened,direct_his6_pts1ok,prop_none,nglyc_ablated,0.91474,0.73333,2,0.00000,0.58500,3,0.74759,1,1,1,0
PglaA,SPamyB_pro,5p_softened_balanced,direct_natag_pts1ok,prop_native,nglyc_ablated,0.67874,0.73333,2,0.25000,0.86700,3,0.74642,0,1,1,1
PnmtA,SPamyB_pro,5p_softened,direct_natag_pts1ok,prop_native,nglyc_ablated,0.91474,0.73333,2,0.25000,0.61200,3,0.74620,1,1,1,0
PglaA,SPamyB_pro,5p_softened,glaA_trunc_KR_pts1ok,prop_native,nglyc_ablated,0.91474,0.73333,2,2.35000,0.86700,3,0.74521,1,1,0,1
PglaA,SPalpA_pro,cai_max,direct_3xAla_pts1blk,prop_none,nglyc_ablated,1.00000,0.59444,0,0.00000,0.78200,3,0.74501,1,0,1,1
PglaA,SPalpA_pro,cai_max,direct_his6_pts1ok,prop_none,nglyc_ablated,1.00000,0.59444,0,0.00000,0.78200,3,0.74501,1,0,1,1
PglaA,SPalpA_pro,high_gc,direct_3xAla_pts1blk,prop_none,nglyc_ablated,1.00000,0.59444,0,0.00000,0.78200,3,0.74501,1,0,1,1
PglaA,SPalpA_pro,high_gc,direct_his6_pts1ok,prop_none,nglyc_ablated,1.00000,0.59444,0,0.00000,0.78200,3,0.74501,1,0,1,1
PglaA,SPcbhI_pro,5p_softened,direct_3xAla_pts1blk,prop_none,nglyc_ablated,0.91474,0.73333,2,0.00000,0.57800,3,0.74495,1,1,1,0
PglaA,SPcbhI_pro,5p_softened,direct_his6_pts1ok,prop_none,nglyc_ablated,0.91474,0.73333,2,0.00000,0.57800,3,0.74495,1,1,1,0
PenoA,SPlipase,5p_softened,direct_3xAla_pts1blk,prop_none,nglyc_ablated,0.91474,0.73333,2,0.00000,0.57400,3,0.74344,1,1,1,0
PenoA,SPlipase,5p_softened,direct_his6_pts1ok,prop_none,nglyc_ablated,0.91474,0.73333,2,0.00000,0.57400,3,0.74344,1,1,1,0
PglaA,SPglaA,cai_max,direct_natag_pts1ok,prop_native,nglyc_ablated,1.00000,0.59444,0,0.25000,0.80750,3,0.74306,1,0,1,1
PglaA,SPglaA,high_gc,direct_natag_pts1ok,prop_native,nglyc_ablated,1.00000,0.59444,0,0.25000,0.80750,3,0.74306,1,0,1,1
PtefI,SPalpA,5p_softened,direct_3xAla_pts1blk,prop_none,nglyc_ablated,0.91474,0.73333,2,0.00000,0.57200,3,0.74268,1,1,1,0
PtefI,SPalpA,5p_softened,direct_his6_pts1ok,prop_none,nglyc_ablated,0.91474,0.73333,2,0.00000,0.57200,3,0.74268,1,1,1,0
PnmtA,SPglaA,5p_softened,direct_3xAla_pts1blk,prop_none,nglyc_ablated,0.91474,0.73333,2,0.00000,0.57000,3,0.74193,1,1,1,0
PnmtA,SPglaA,5p_softened,direct_his6_pts1ok,prop_none,nglyc_ablated,0.91474,0.73333,2,0.00000,0.57000,3,0.74193,1,1,1,0
PnmtA,SPamyB,5p_softened,direct_natag_pts1ok,prop_native,nglyc_ablated,0.91474,0.73333,2,0.25000,0.60000,3,0.74168,1,1,1,0
PnmtA,SPglaA_pro,5p_softened,direct_natag_pts1ok,prop_native,nglyc_ablated,0.91474,0.73333,2,0.25000,0.60000,3,0.74168,1,1,1,0
PamyB,SPlipase,5p_softened,glaA_trunc_KR_3xAla,prop_native,nglyc_ablated,0.91474,0.73333,2,2.05000,0.82000,3,0.74136,1,1,0,1
PtefI,SPalpA_pro,5p_softened,direct_natag_pts1ok,prop_native,nglyc_ablated,0.91474,0.73333,2,0.25000,0.59800,3,0.74092,1,1,1,0
PamyB,SPlipase,5p_softened_balanced,direct_3xAla_pts1blk,prop_none,nglyc_ablated,0.67874,0.73333,2,0.00000,0.82000,3,0.74025,0,1,1,1
PamyB,SPlipase,5p_softened_balanced,direct_his6_pts1ok,prop_none,nglyc_ablated,0.67874,0.73333,2,0.00000,0.82000,3,0.74025,0,1,1,1
PamyB,SPpepO,5p_softened_balanced,direct_natag_pts1ok,prop_native,nglyc_ablated,0.67874,0.73333,2,0.25000,0.85000,3,0.74000,0,1,1,1
PamyB,SPlipase_pro,5p_softened_balanced,direct_natag_pts1ok,prop_native,nglyc_ablated,0.67874,0.73333,2,0.25000,0.85000,3,0.74000,0,1,1,1
PglaA,SPamyB,5p_softened_balanced,direct_natag_pts1ok,prop_native,nglyc_ablated,0.67874,0.73333,2,0.25000,0.85000,3,0.74000,0,1,1,1
PglaA,SPglaA_pro,5p_softened_balanced,direct_natag_pts1ok,prop_native,nglyc_ablated,0.67874,0.73333,2,0.25000,0.85000,3,0.74000,0,1,1,1
PenoA,SPpepO,5p_softened,direct_natag_pts1ok,prop_native,nglyc_ablated,0.91474,0.73333,2,0.25000,0.59500,3,0.73979,1,1,1,0
PenoA,SPlipase_pro,5p_softened,direct_natag_pts1ok,prop_native,nglyc_ablated,0.91474,0.73333,2,0.25000,0.59500,3,0.73979,1,1,1,0
PamyB,SPpepO,5p_softened,glaA_trunc_KR_pts1ok,prop_native,nglyc_ablated,0.91474,0.73333,2,2.35000,0.85000,3,0.73879,1,1,0,1
PamyB,SPlipase_pro,5p_softened,glaA_trunc_KR_pts1ok,prop_native,nglyc_ablated,0.91474,0.73333,2,2.35000,0.85000,3,0.73879,1,1,0,1
PglaA,SPamyB,5p_softened,glaA_trunc_KR_pts1ok,prop_native,nglyc_ablated,0.91474,0.73333,2,2.35000,0.85000,3,0.73879,1,1,0,1
PglaA,SPglaA_pro,5p_softened,glaA_trunc_KR_pts1ok,prop_native,nglyc_ablated,0.91474,0.73333,2,2.35000,0.85000,3,0.73879,1,1,0,1
PgpdA,SPamyB_pro,5p_softened,direct_3xAla_pts1blk,prop_none,nglyc_ablated,0.91474,0.73333,2,0.00000,0.56100,3,0.73853,1,1,1,0
PgpdA,SPamyB_pro,5p_softened,direct_his6_pts1ok,prop_none,nglyc_ablated,0.91474,0.73333,2,0.00000,0.56100,3,0.73853,1,1,1,0
PglaA,SPglaA,5p_softened,glaA_trunc_KR_3xAla,prop_native,nglyc_ablated,0.91474,0.73333,2,2.05000,0.80750,3,0.73664,1,1,0,1
PtefI,SPpepO_pro,5p_softened,direct_natag_pts1ok,prop_native,nglyc_ablated,0.91474,0.73333,2,0.25000,0.58500,3,0.73601,1,1,1,0
PglaA,SPglaA,5p_softened_balanced,direct_3xAla_pts1blk,prop_none,nglyc_ablated,0.67874,0.73333,2,0.00000,0.80750,3,0.73554,0,1,1,1
PglaA,SPglaA,5p_softened_balanced,direct_his6_pts1ok,prop_none,nglyc_ablated,0.67874,0.73333,2,0.00000,0.80750,3,0.73554,0,1,1,1
PglaA,SPcbhI,5p_softened,direct_3xAla_pts1blk,prop_none,nglyc_ablated,0.91474,0.73333,2,0.00000,0.55250,3,0.73532,1,1,1,0
PglaA,SPcbhI,5p_softened,direct_his6_pts1ok,prop_none,nglyc_ablated,0.91474,0.73333,2,0.00000,0.55250,3,0.73532,1,1,1,0
PtefI,SPpepO,5p_softened,direct_3xAla_pts1blk,prop_none,nglyc_ablated,0.91474,0.73333,2,0.00000,0.55250,3,0.73532,1,1,1,0
PtefI,SPpepO,5p_softened,direct_his6_pts1ok,prop_none,nglyc_ablated,0.91474,0.73333,2,0.00000,0.55250,3,0.73532,1,1,1,0
PtefI,SPlipase_pro,5p_softened,direct_3xAla_pts1blk,prop_none,nglyc_ablated,0.91474,0.73333,2,0.00000,0.55250,3,0.73532,1,1,1,0
PtefI,SPlipase_pro,5p_softened,direct_his6_pts1ok,prop_none,nglyc_ablated,0.91474,0.73333,2,0.00000,0.55250,3,0.73532,1,1,1,0
PnmtA,SPalpA_pro,5p_softened,direct_3xAla_pts1blk,prop_none,nglyc_ablated,0.91474,0.73333,2,0.00000,0.55200,3,0.73514,1,1,1,0
PnmtA,SPalpA_pro,5p_softened,direct_his6_pts1ok,prop_none,nglyc_ablated,0.91474,0.73333,2,0.00000,0.55200,3,0.73514,1,1,1,0
PgpdA,SPamyB,5p_softened,direct_3xAla_pts1blk,prop_none,nglyc_ablated,0.91474,0.73333,2,0.00000,0.55000,3,0.73438,1,1,1,0
PgpdA,SPamyB,5p_softened,direct_his6_pts1ok,prop_none,nglyc_ablated,0.91474,0.73333,2,0.00000,0.55000,3,0.73438,1,1,1,0
PgpdA,SPglaA_pro,5p_softened,direct_3xAla_pts1blk,prop_none,nglyc_ablated,0.91474,0.73333,2,0.00000,0.55000,3,0.73438,1,1,1,0
PgpdA,SPglaA_pro,5p_softened,direct_his6_pts1ok,prop_none,nglyc_ablated,0.91474,0.73333,2,0.00000,0.55000,3,0.73438,1,1,1,0
PglaA,SPalpA_pro,cai_max,direct_natag_pts1ok,prop_native,nglyc_ablated,1.00000,0.59444,0,0.25000,0.78200,3,0.73344,1,0,1,1
PglaA,SPalpA_pro,high_gc,direct_natag_pts1ok,prop_native,nglyc_ablated,1.00000,0.59444,0,0.25000,0.78200,3,0.73344,1,0,1,1
PglaA,SPcbhI_pro,5p_softened,direct_natag_pts1ok,prop_native,nglyc_ablated,0.91474,0.73333,2,0.25000,0.57800,3,0.73337,1,1,1,0
PenoA,SPlipase,5p_softened,direct_natag_pts1ok,prop_native,nglyc_ablated,0.91474,0.73333,2,0.25000,0.57400,3,0.73186,1,1,1,0
PtefI,SPalpA,5p_softened,direct_natag_pts1ok,prop_native,nglyc_ablated,0.91474,0.73333,2,0.25000,0.57200,3,0.73111,1,1,1,0
PnmtA,SPpepO_pro,5p_softened,direct_3xAla_pts1blk,prop_none,nglyc_ablated,0.91474,0.73333,2,0.00000,0.54000,3,0.73061,1,1,1,0
PnmtA,SPpepO_pro,5p_softened,direct_his6_pts1ok,prop_none,nglyc_ablated,0.91474,0.73333,2,0.00000,0.54000,3,0.73061,1,1,1,0
PnmtA,SPglaA,5p_softened,direct_natag_pts1ok,prop_native,nglyc_ablated,0.91474,0.73333,2,0.25000,0.57000,3,0.73035,1,1,1,0
PamyB,SPlipase,5p_softened_balanced,direct_natag_pts1ok,prop_native,nglyc_ablated,0.67874,0.73333,2,0.25000,0.82000,3,0.72868,0,1,1,1
PtefI,SPlipase,5p_softened,direct_3xAla_pts1blk,prop_none,nglyc_ablated,0.91474,0.73333,2,0.00000,0.53300,3,0.72797,1,1,1,0
PtefI,SPlipase,5p_softened,direct_his6_pts1ok,prop_none,nglyc_ablated,0.91474,0.73333,2,0.00000,0.53300,3,0.72797,1,1,1,0
PamyB,SPlipase,5p_softened,glaA_trunc_KR_pts1ok,prop_native,nglyc_ablated,0.91474,0.73333,2,2.35000,0.82000,3,0.72747,1,1,0,1
PglaA,SPalpA_pro,5p_softened,glaA_trunc_KR_3xAla,prop_native,nglyc_ablated,0.91474,0.73333,2,2.05000,0.78200,3,0.72702,1,1,0,1
PgpdA,SPamyB_pro,5p_softened,direct_natag_pts1ok,prop_native,nglyc_ablated,0.91474,0.73333,2,0.25000,0.56100,3,0.72696,1,1,1,0
PnmtA,SPalpA,5p_softened,direct_3xAla_pts1blk,prop_none,nglyc_ablated,0.91474,0.73333,2,0.00000,0.52800,3,0.72608,1,1,1,0
PnmtA,SPalpA,5p_softened,direct_his6_pts1ok,prop_none,nglyc_ablated,0.91474,0.73333,2,0.00000,0.52800,3,0.72608,1,1,1,0
PglaA,SPalpA_pro,5p_softened_balanced,direct_3xAla_pts1blk,prop_none,nglyc_ablated,0.67874,0.73333,2,0.00000,0.78200,3,0.72592,0,1,1,1
PglaA,SPalpA_pro,5p_softened_balanced,direct_his6_pts1ok,prop_none,nglyc_ablated,0.67874,0.73333,2,0.00000,0.78200,3,0.72592,0,1,1,1
PgpdA,SPglaA,5p_softened,direct_3xAla_pts1blk,prop_none,nglyc_ablated,0.91474,0.73333,2,0.00000,0.52250,3,0.72400,1,1,1,0
PgpdA,SPglaA,5p_softened,direct_his6_pts1ok,prop_none,nglyc_ablated,0.91474,0.73333,2,0.00000,0.52250,3,0.72400,1,1,1,0
PglaA,SPglaA,5p_softened_balanced,direct_natag_pts1ok,prop_native,nglyc_ablated,0.67874,0.73333,2,0.25000,0.80750,3,0.72396,0,1,1,1
PglaA,SPcbhI,5p_softened,direct_natag_pts1ok,prop_native,nglyc_ablated,0.91474,0.73333,2,0.25000,0.55250,3,0.72375,1,1,1,0
PtefI,SPpepO,5p_softened,direct_natag_pts1ok,prop_native,nglyc_ablated,0.91474,0.73333,2,0.25000,0.55250,3,0.72375,1,1,1,0
PtefI,SPlipase_pro,5p_softened,direct_natag_pts1ok,prop_native,nglyc_ablated,0.91474,0.73333,2,0.25000,0.55250,3,0.72375,1,1,1,0
PnmtA,SPalpA_pro,5p_softened,direct_natag_pts1ok,prop_native,nglyc_ablated,0.91474,0.73333,2,0.25000,0.55200,3,0.72356,1,1,1,0
PgpdA,SPamyB,5p_softened,direct_natag_pts1ok,prop_native,nglyc_ablated,0.91474,0.73333,2,0.25000,0.55000,3,0.72281,1,1,1,0
PgpdA,SPglaA_pro,5p_softened,direct_natag_pts1ok,prop_native,nglyc_ablated,0.91474,0.73333,2,0.25000,0.55000,3,0.72281,1,1,1,0
PglaA,SPglaA,5p_softened,glaA_trunc_KR_pts1ok,prop_native,nglyc_ablated,0.91474,0.73333,2,2.35000,0.80750,3,0.72275,1,1,0,1
PnmtA,SPpepO,5p_softened,direct_3xAla_pts1blk,prop_none,nglyc_ablated,0.91474,0.73333,2,0.00000,0.51000,3,0.71929,1,1,1,0
PnmtA,SPpepO,5p_softened,direct_his6_pts1ok,prop_none,nglyc_ablated,0.91474,0.73333,2,0.00000,0.51000,3,0.71929,1,1,1,0
PnmtA,SPlipase_pro,5p_softened,direct_3xAla_pts1blk,prop_none,nglyc_ablated,0.91474,0.73333,2,0.00000,0.51000,3,0.71929,1,1,1,0
PnmtA,SPlipase_pro,5p_softened,direct_his6_pts1ok,prop_none,nglyc_ablated,0.91474,0.73333,2,0.00000,0.51000,3,0.71929,1,1,1,0
PnmtA,SPpepO_pro,5p_softened,direct_natag_pts1ok,prop_native,nglyc_ablated,0.91474,0.73333,2,0.25000,0.54000,3,0.71903,1,1,1,0
PgpdA,SPalpA_pro,5p_softened,direct_3xAla_pts1blk,prop_none,nglyc_ablated,0.91474,0.73333,2,0.00000,0.50600,3,0.71778,1,1,1,0
PgpdA,SPalpA_pro,5p_softened,direct_his6_pts1ok,prop_none,nglyc_ablated,0.91474,0.73333,2,0.00000,0.50600,3,0.71778,1,1,1,0
PtefI,SPlipase,5p_softened,direct_natag_pts1ok,prop_native,nglyc_ablated,0.91474,0.73333,2,0.25000,0.53300,3,0.71639,1,1,1,0
PnmtA,SPalpA,5p_softened,direct_natag_pts1ok,prop_native,nglyc_ablated,0.91474,0.73333,2,0.25000,0.52800,3,0.71451,1,1,1,0
PglaA,SPalpA_pro,5p_softened_balanced,direct_natag_pts1ok,prop_native,nglyc_ablated,0.67874,0.73333,2,0.25000,0.78200,3,0.71434,0,1,1,1
PgpdA,SPpepO_pro,5p_softened,direct_3xAla_pts1blk,prop_none,nglyc_ablated,0.91474,0.73333,2,0.00000,0.49500,3,0.71363,1,1,1,0
PgpdA,SPpepO_pro,5p_softened,direct_his6_pts1ok,prop_none,nglyc_ablated,0.91474,0.73333,2,0.00000,0.49500,3,0.71363,1,1,1,0
PglaA,SPalpA_pro,5p_softened,glaA_trunc_KR_pts1ok,prop_native,nglyc_ablated,0.91474,0.73333,2,2.35000,0.78200,3,0.71313,1,1,0,1
PnmtA,SPlipase,5p_softened,direct_3xAla_pts1blk,prop_none,nglyc_ablated,0.91474,0.73333,2,0.00000,0.49200,3,0.71249,1,1,1,0
PnmtA,SPlipase,5p_softened,direct_his6_pts1ok,prop_none,nglyc_ablated,0.91474,0.73333,2,0.00000,0.49200,3,0.71249,1,1,1,0
PgpdA,SPglaA,5p_softened,direct_natag_pts1ok,prop_native,nglyc_ablated,0.91474,0.73333,2,0.25000,0.52250,3,0.71243,1,1,1,0
PgpdA,SPalpA,5p_softened,direct_3xAla_pts1blk,prop_none,nglyc_ablated,0.91474,0.73333,2,0.00000,0.48400,3,0.70948,1,1,1,0
PgpdA,SPalpA,5p_softened,direct_his6_pts1ok,prop_none,nglyc_ablated,0.91474,0.73333,2,0.00000,0.48400,3,0.70948,1,1,1,0
PnmtA,SPpepO,5p_softened,direct_natag_pts1ok,prop_native,nglyc_ablated,0.91474,0.73333,2,0.25000,0.51000,3,0.70771,1,1,1,0
PnmtA,SPlipase_pro,5p_softened,direct_natag_pts1ok,prop_native,nglyc_ablated,0.91474,0.73333,2,0.25000,0.51000,3,0.70771,1,1,1,0
PenoA,SPcbhI_pro,5p_softened,direct_3xAla_pts1blk,prop_none,nglyc_ablated,0.91474,0.73333,2,0.00000,0.47600,3,0.70646,1,1,1,0
PenoA,SPcbhI_pro,5p_softened,direct_his6_pts1ok,prop_none,nglyc_ablated,0.91474,0.73333,2,0.00000,0.47600,3,0.70646,1,1,1,0
PgpdA,SPalpA_pro,5p_softened,direct_natag_pts1ok,prop_native,nglyc_ablated,0.91474,0.73333,2,0.25000,0.50600,3,0.70620,1,1,1,0
PamyB,SPamyB_pro,5p_softened,glaA_KRGGG_3xAla,prop_native,nglyc_ablated,0.91474,0.73333,2,4.50000,1.02000,3,0.70341,1,1,0,1
PgpdA,SPpepO,5p_softened,direct_3xAla_pts1blk,prop_none,nglyc_ablated,0.91474,0.73333,2,0.00000,0.46750,3,0.70325,1,1,1,0
PgpdA,SPpepO,5p_softened,direct_his6_pts1ok,prop_none,nglyc_ablated,0.91474,0.73333,2,0.00000,0.46750,3,0.70325,1,1,1,0
PgpdA,SPlipase_pro,5p_softened,direct_3xAla_pts1blk,prop_none,nglyc_ablated,0.91474,0.73333,2,0.00000,0.46750,3,0.70325,1,1,1,0
PgpdA,SPlipase_pro,5p_softened,direct_his6_pts1ok,prop_none,nglyc_ablated,0.91474,0.73333,2,0.00000,0.46750,3,0.70325,1,1,1,0
PgpdA,SPpepO_pro,5p_softened,direct_natag_pts1ok,prop_native,nglyc_ablated,0.91474,0.73333,2,0.25000,0.49500,3,0.70205,1,1,1,0
PamyB,SPamyB_pro,5p_softened,glaA_KR_3xAla,prop_native,nglyc_ablated,0.91474,0.73333,2,4.55000,1.02000,3,0.70109,1,1,0,1
PnmtA,SPlipase,5p_softened,direct_natag_pts1ok,prop_native,nglyc_ablated,0.91474,0.73333,2,0.25000,0.49200,3,0.70092,1,1,1,0
PenoA,SPcbhI,5p_softened,direct_3xAla_pts1blk,prop_none,nglyc_ablated,0.91474,0.73333,2,0.00000,0.45500,3,0.69853,1,1,1,0
PenoA,SPcbhI,5p_softened,direct_his6_pts1ok,prop_none,nglyc_ablated,0.91474,0.73333,2,0.00000,0.45500,3,0.69853,1,1,1,0
PgpdA,SPalpA,5p_softened,direct_natag_pts1ok,prop_native,nglyc_ablated,0.91474,0.73333,2,0.25000,0.48400,3,0.69790,1,1,1,0
PgpdA,SPlipase,5p_softened,direct_3xAla_pts1blk,prop_none,nglyc_ablated,0.91474,0.73333,2,0.00000,0.45100,3,0.69702,1,1,1,0
PgpdA,SPlipase,5p_softened,direct_his6_pts1ok,prop_none,nglyc_ablated,0.91474,0.73333,2,0.00000,0.45100,3,0.69702,1,1,1,0
PamyB,SPamyB,5p_softened,glaA_KRGGG_3xAla,prop_native,nglyc_ablated,0.91474,0.73333,2,4.50000,1.00000,3,0.69586,1,1,0,1
PamyB,SPglaA_pro,5p_softened,glaA_KRGGG_3xAla,prop_native,nglyc_ablated,0.91474,0.73333,2,4.50000,1.00000,3,0.69586,1,1,0,1
PenoA,SPcbhI_pro,5p_softened,direct_natag_pts1ok,prop_native,nglyc_ablated,0.91474,0.73333,2,0.25000,0.47600,3,0.69488,1,1,1,0
PtefI,SPcbhI_pro,5p_softened,direct_3xAla_pts1blk,prop_none,nglyc_ablated,0.91474,0.73333,2,0.00000,0.44200,3,0.69363,1,1,1,0
PtefI,SPcbhI_pro,5p_softened,direct_his6_pts1ok,prop_none,nglyc_ablated,0.91474,0.73333,2,0.00000,0.44200,3,0.69363,1,1,1,0
PamyB,SPamyB,5p_softened,glaA_KR_3xAla,prop_native,nglyc_ablated,0.91474,0.73333,2,4.55000,1.00000,3,0.69354,1,1,0,1
PamyB,SPglaA_pro,5p_softened,glaA_KR_3xAla,prop_native,nglyc_ablated,0.91474,0.73333,2,4.55000,1.00000,3,0.69354,1,1,0,1
PgpdA,SPpepO,5p_softened,direct_natag_pts1ok,prop_native,nglyc_ablated,0.91474,0.73333,2,0.25000,0.46750,3,0.69168,1,1,1,0
PgpdA,SPlipase_pro,5p_softened,direct_natag_pts1ok,prop_native,nglyc_ablated,0.91474,0.73333,2,0.25000,0.46750,3,0.69168,1,1,1,0
PamyB,SPamyB_pro,5p_softened,glaA_KRGGG_pts1ok,prop_native,nglyc_ablated,0.91474,0.73333,2,4.80000,1.02000,3,0.68952,1,1,0,1
PamyB,SPamyB_pro,5p_softened,glaA_KR_pts1ok,prop_native,nglyc_ablated,0.91474,0.73333,2,4.85000,1.02000,3,0.68720,1,1,0,1
PenoA,SPcbhI,5p_softened,direct_natag_pts1ok,prop_native,nglyc_ablated,0.91474,0.73333,2,0.25000,0.45500,3,0.68696,1,1,1,0
PtefI,SPcbhI,5p_softened,direct_3xAla_pts1blk,prop_none,nglyc_ablated,0.91474,0.73333,2,0.00000,0.42250,3,0.68627,1,1,1,0
PtefI,SPcbhI,5p_softened,direct_his6_pts1ok,prop_none,nglyc_ablated,0.91474,0.73333,2,0.00000,0.42250,3,0.68627,1,1,1,0
PgpdA,SPlipase,5p_softened,direct_natag_pts1ok,prop_native,nglyc_ablated,0.91474,0.73333,2,0.25000,0.45100,3,0.68545,1,1,1,0
PtefI,SPcbhI_pro,5p_softened,direct_natag_pts1ok,prop_native,nglyc_ablated,0.91474,0.73333,2,0.25000,0.44200,3,0.68205,1,1,1,0
PamyB,SPamyB,5p_softened,glaA_KRGGG_pts1ok,prop_native,nglyc_ablated,0.91474,0.73333,2,4.80000,1.00000,3,0.68197,1,1,0,1
PamyB,SPglaA_pro,5p_softened,glaA_KRGGG_pts1ok,prop_native,nglyc_ablated,0.91474,0.73333,2,4.80000,1.00000,3,0.68197,1,1,0,1
PnmtA,SPcbhI_pro,5p_softened,direct_3xAla_pts1blk,prop_none,nglyc_ablated,0.91474,0.73333,2,0.00000,0.40800,3,0.68080,1,1,1,0
PnmtA,SPcbhI_pro,5p_softened,direct_his6_pts1ok,prop_none,nglyc_ablated,0.91474,0.73333,2,0.00000,0.40800,3,0.68080,1,1,1,0
PamyB,SPamyB,5p_softened,glaA_KR_pts1ok,prop_native,nglyc_ablated,0.91474,0.73333,2,4.85000,1.00000,3,0.67966,1,1,0,1
PamyB,SPglaA_pro,5p_softened,glaA_KR_pts1ok,prop_native,nglyc_ablated,0.91474,0.73333,2,4.85000,1.00000,3,0.67966,1,1,0,1
PamyB,SPglaA,5p_softened,glaA_KRGGG_3xAla,prop_native,nglyc_ablated,0.91474,0.73333,2,4.50000,0.95000,3,0.67699,1,1,0,1
PtefI,SPcbhI,5p_softened,direct_natag_pts1ok,prop_native,nglyc_ablated,0.91474,0.73333,2,0.25000,0.42250,3,0.67469,1,1,1,0
PamyB,SPglaA,5p_softened,glaA_KR_3xAla,prop_native,nglyc_ablated,0.91474,0.73333,2,4.55000,0.95000,3,0.67468,1,1,0,1
PnmtA,SPcbhI,5p_softened,direct_3xAla_pts1blk,prop_none,nglyc_ablated,0.91474,0.73333,2,0.00000,0.39000,3,0.67400,1,1,1,0
PnmtA,SPcbhI,5p_softened,direct_his6_pts1ok,prop_none,nglyc_ablated,0.91474,0.73333,2,0.00000,0.39000,3,0.67400,1,1,1,0
PamyB,SPamyB_pro,5p_softened,tandem_KEX2_pts1ok,prop_native,nglyc_ablated,0.91474,0.73333,2,5.15000,1.02000,3,0.67331,1,1,0,1
PnmtA,SPcbhI_pro,5p_softened,direct_natag_pts1ok,prop_native,nglyc_ablated,0.91474,0.73333,2,0.25000,0.40800,3,0.66922,1,1,1,0
PgpdA,SPcbhI_pro,5p_softened,direct_3xAla_pts1blk,prop_none,nglyc_ablated,0.91474,0.73333,2,0.00000,0.37400,3,0.66797,1,1,1,0
PgpdA,SPcbhI_pro,5p_softened,direct_his6_pts1ok,prop_none,nglyc_ablated,0.91474,0.73333,2,0.00000,0.37400,3,0.66797,1,1,1,0
PamyB,SPamyB,5p_softened,tandem_KEX2_pts1ok,prop_native,nglyc_ablated,0.91474,0.73333,2,5.15000,1.00000,3,0.66577,1,1,0,1
PamyB,SPglaA_pro,5p_softened,tandem_KEX2_pts1ok,prop_native,nglyc_ablated,0.91474,0.73333,2,5.15000,1.00000,3,0.66577,1,1,0,1
PamyB,SPalpA_pro,5p_softened,glaA_KRGGG_3xAla,prop_native,nglyc_ablated,0.91474,0.73333,2,4.50000,0.92000,3,0.66567,1,1,0,1
PamyB,SPalpA_pro,5p_softened,glaA_KR_3xAla,prop_native,nglyc_ablated,0.91474,0.73333,2,4.55000,0.92000,3,0.66336,1,1,0,1
PamyB,SPglaA,5p_softened,glaA_KRGGG_pts1ok,prop_native,nglyc_ablated,0.91474,0.73333,2,4.80000,0.95000,3,0.66310,1,1,0,1
PnmtA,SPcbhI,5p_softened,direct_natag_pts1ok,prop_native,nglyc_ablated,0.91474,0.73333,2,0.25000,0.39000,3,0.66243,1,1,1,0
PgpdA,SPcbhI,5p_softened,direct_3xAla_pts1blk,prop_none,nglyc_ablated,0.91474,0.73333,2,0.00000,0.35750,3,0.66174,1,1,1,0
PgpdA,SPcbhI,5p_softened,direct_his6_pts1ok,prop_none,nglyc_ablated,0.91474,0.73333,2,0.00000,0.35750,3,0.66174,1,1,1,0
PamyB,SPglaA,5p_softened,glaA_KR_pts1ok,prop_native,nglyc_ablated,0.91474,0.73333,2,4.85000,0.95000,3,0.66079,1,1,0,1
PamyB,SPpepO_pro,5p_softened,glaA_KRGGG_3xAla,prop_native,nglyc_ablated,0.91474,0.73333,2,4.50000,0.90000,3,0.65812,1,1,0,1
PgpdA,SPcbhI_pro,5p_softened,direct_natag_pts1ok,prop_native,nglyc_ablated,0.91474,0.73333,2,0.25000,0.37400,3,0.65639,1,1,1,0
PamyB,SPpepO_pro,5p_softened,glaA_KR_3xAla,prop_native,nglyc_ablated,0.91474,0.73333,2,4.55000,0.90000,3,0.65581,1,1,0,1
PamyB,SPalpA_pro,5p_softened,glaA_KRGGG_pts1ok,prop_native,nglyc_ablated,0.91474,0.73333,2,4.80000,0.92000,3,0.65178,1,1,0,1
PamyB,SPalpA,5p_softened,glaA_KRGGG_3xAla,prop_native,nglyc_ablated,0.91474,0.73333,2,4.50000,0.88000,3,0.65058,1,1,0,1
PgpdA,SPcbhI,5p_softened,direct_natag_pts1ok,prop_native,nglyc_ablated,0.91474,0.73333,2,0.25000,0.35750,3,0.65017,1,1,1,0
PamyB,SPalpA_pro,5p_softened,glaA_KR_pts1ok,prop_native,nglyc_ablated,0.91474,0.73333,2,4.85000,0.92000,3,0.64947,1,1,0,1
PamyB,SPalpA,5p_softened,glaA_KR_3xAla,prop_native,nglyc_ablated,0.91474,0.73333,2,4.55000,0.88000,3,0.64826,1,1,0,1
PamyB,SPglaA,5p_softened,tandem_KEX2_pts1ok,prop_native,nglyc_ablated,0.91474,0.73333,2,5.15000,0.95000,3,0.64690,1,1,0,1
PglaA,SPamyB_pro,5p_softened,glaA_KRGGG_3xAla,prop_native,nglyc_ablated,0.91474,0.73333,2,4.50000,0.86700,3,0.64567,1,1,0,1
PamyB,SPpepO_pro,5p_softened,glaA_KRGGG_pts1ok,prop_native,nglyc_ablated,0.91474,0.73333,2,4.80000,0.90000,3,0.64423,1,1,0,1
PglaA,SPamyB_pro,5p_softened,glaA_KR_3xAla,prop_native,nglyc_ablated,0.91474,0.73333,2,4.55000,0.86700,3,0.64336,1,1,0,1
PamyB,SPpepO_pro,5p_softened,glaA_KR_pts1ok,prop_native,nglyc_ablated,0.91474,0.73333,2,4.85000,0.90000,3,0.64192,1,1,0,1
PamyB,SPpepO,5p_softened,glaA_KRGGG_3xAla,prop_native,nglyc_ablated,0.91474,0.73333,2,4.50000,0.85000,3,0.63926,1,1,0,1
PamyB,SPlipase_pro,5p_softened,glaA_KRGGG_3xAla,prop_native,nglyc_ablated,0.91474,0.73333,2,4.50000,0.85000,3,0.63926,1,1,0,1
PglaA,SPamyB,5p_softened,glaA_KRGGG_3xAla,prop_native,nglyc_ablated,0.91474,0.73333,2,4.50000,0.85000,3,0.63926,1,1,0,1
PglaA,SPglaA_pro,5p_softened,glaA_KRGGG_3xAla,prop_native,nglyc_ablated,0.91474,0.73333,2,4.50000,0.85000,3,0.63926,1,1,0,1
PamyB,SPpepO,5p_softened,glaA_KR_3xAla,prop_native,nglyc_ablated,0.91474,0.73333,2,4.55000,0.85000,3,0.63694,1,1,0,1
PamyB,SPlipase_pro,5p_softened,glaA_KR_3xAla,prop_native,nglyc_ablated,0.91474,0.73333,2,4.55000,0.85000,3,0.63694,1,1,0,1
PglaA,SPamyB,5p_softened,glaA_KR_3xAla,prop_native,nglyc_ablated,0.91474,0.73333,2,4.55000,0.85000,3,0.63694,1,1,0,1
PglaA,SPglaA_pro,5p_softened,glaA_KR_3xAla,prop_native,nglyc_ablated,0.91474,0.73333,2,4.55000,0.85000,3,0.63694,1,1,0,1
PamyB,SPalpA,5p_softened,glaA_KRGGG_pts1ok,prop_native,nglyc_ablated,0.91474,0.73333,2,4.80000,0.88000,3,0.63669,1,1,0,1
PamyB,SPalpA_pro,5p_softened,tandem_KEX2_pts1ok,prop_native,nglyc_ablated,0.91474,0.73333,2,5.15000,0.92000,3,0.63558,1,1,0,1
PamyB,SPalpA,5p_softened,glaA_KR_pts1ok,prop_native,nglyc_ablated,0.91474,0.73333,2,4.85000,0.88000,3,0.63437,1,1,0,1
PglaA,SPamyB_pro,5p_softened,glaA_KRGGG_pts1ok,prop_native,nglyc_ablated,0.91474,0.73333,2,4.80000,0.86700,3,0.63178,1,1,0,1
PglaA,SPamyB_pro,5p_softened,glaA_KR_pts1ok,prop_native,nglyc_ablated,0.91474,0.73333,2,4.85000,0.86700,3,0.62947,1,1,0,1
PamyB,SPpepO_pro,5p_softened,tandem_KEX2_pts1ok,prop_native,nglyc_ablated,0.91474,0.73333,2,5.15000,0.90000,3,0.62803,1,1,0,1
PamyB,SPlipase,5p_softened,glaA_KRGGG_3xAla,prop_native,nglyc_ablated,0.91474,0.73333,2,4.50000,0.82000,3,0.62793,1,1,0,1
PamyB,SPlipase,5p_softened,glaA_KR_3xAla,prop_native,nglyc_ablated,0.91474,0.73333,2,4.55000,0.82000,3,0.62562,1,1,0,1
PamyB,SPpepO,5p_softened,glaA_KRGGG_pts1ok,prop_native,nglyc_ablated,0.91474,0.73333,2,4.80000,0.85000,3,0.62537,1,1,0,1
PamyB,SPlipase_pro,5p_softened,glaA_KRGGG_pts1ok,prop_native,nglyc_ablated,0.91474,0.73333,2,4.80000,0.85000,3,0.62537,1,1,0,1
PglaA,SPamyB,5p_softened,glaA_KRGGG_pts1ok,prop_native,nglyc_ablated,0.91474,0.73333,2,4.80000,0.85000,3,0.62537,1,1,0,1
PglaA,SPglaA_pro,5p_softened,glaA_KRGGG_pts1ok,prop_native,nglyc_ablated,0.91474,0.73333,2,4.80000,0.85000,3,0.62537,1,1,0,1
PglaA,SPglaA,5p_softened,glaA_KRGGG_3xAla,prop_native,nglyc_ablated,0.91474,0.73333,2,4.50000,0.80750,3,0.62322,1,1,0,1
PamyB,SPpepO,5p_softened,glaA_KR_pts1ok,prop_native,nglyc_ablated,0.91474,0.73333,2,4.85000,0.85000,3,0.62305,1,1,0,1
PamyB,SPlipase_pro,5p_softened,glaA_KR_pts1ok,prop_native,nglyc_ablated,0.91474,0.73333,2,4.85000,0.85000,3,0.62305,1,1,0,1
PglaA,SPamyB,5p_softened,glaA_KR_pts1ok,prop_native,nglyc_ablated,0.91474,0.73333,2,4.85000,0.85000,3,0.62305,1,1,0,1
PglaA,SPglaA_pro,5p_softened,glaA_KR_pts1ok,prop_native,nglyc_ablated,0.91474,0.73333,2,4.85000,0.85000,3,0.62305,1,1,0,1
PglaA,SPglaA,5p_softened,glaA_KR_3xAla,prop_native,nglyc_ablated,0.91474,0.73333,2,4.55000,0.80750,3,0.62090,1,1,0,1
PamyB,SPalpA,5p_softened,tandem_KEX2_pts1ok,prop_native,nglyc_ablated,0.91474,0.73333,2,5.15000,0.88000,3,0.62048,1,1,0,1
PglaA,SPamyB_pro,5p_softened,tandem_KEX2_pts1ok,prop_native,nglyc_ablated,0.91474,0.73333,2,5.15000,0.86700,3,0.61558,1,1,0,1
PamyB,SPlipase,5p_softened,glaA_KRGGG_pts1ok,prop_native,nglyc_ablated,0.91474,0.73333,2,4.80000,0.82000,3,0.61405,1,1,0,1
PglaA,SPalpA_pro,5p_softened,glaA_KRGGG_3xAla,prop_native,nglyc_ablated,0.91474,0.73333,2,4.50000,0.78200,3,0.61360,1,1,0,1
PamyB,SPlipase,5p_softened,glaA_KR_pts1ok,prop_native,nglyc_ablated,0.91474,0.73333,2,4.85000,0.82000,3,0.61173,1,1,0,1
PglaA,SPalpA_pro,5p_softened,glaA_KR_3xAla,prop_native,nglyc_ablated,0.91474,0.73333,2,4.55000,0.78200,3,0.61128,1,1,0,1
PglaA,SPglaA,5p_softened,glaA_KRGGG_pts1ok,prop_native,nglyc_ablated,0.91474,0.73333,2,4.80000,0.80750,3,0.60933,1,1,0,1
PamyB,SPpepO,5p_softened,tandem_KEX2_pts1ok,prop_native,nglyc_ablated,0.91474,0.73333,2,5.15000,0.85000,3,0.60916,1,1,0,1
PamyB,SPlipase_pro,5p_softened,tandem_KEX2_pts1ok,prop_native,nglyc_ablated,0.91474,0.73333,2,5.15000,0.85000,3,0.60916,1,1,0,1
PglaA,SPamyB,5p_softened,tandem_KEX2_pts1ok,prop_native,nglyc_ablated,0.91474,0.73333,2,5.15000,0.85000,3,0.60916,1,1,0,1
PglaA,SPglaA_pro,5p_softened,tandem_KEX2_pts1ok,prop_native,nglyc_ablated,0.91474,0.73333,2,5.15000,0.85000,3,0.60916,1,1,0,1
PglaA,SPglaA,5p_softened,glaA_KR_pts1ok,prop_native,nglyc_ablated,0.91474,0.73333,2,4.85000,0.80750,3,0.60701,1,1,0,1
PglaA,SPalpA_pro,5p_softened,glaA_KRGGG_pts1ok,prop_native,nglyc_ablated,0.91474,0.73333,2,4.80000,0.78200,3,0.59971,1,1,0,1
PamyB,SPlipase,5p_softened,tandem_KEX2_pts1ok,prop_native,nglyc_ablated,0.91474,0.73333,2,5.15000,0.82000,3,0.59784,1,1,0,1
PglaA,SPalpA_pro,5p_softened,glaA_KR_pts1ok,prop_native,nglyc_ablated,0.91474,0.73333,2,4.85000,0.78200,3,0.59739,1,1,0,1
PglaA,SPglaA,5p_softened,tandem_KEX2_pts1ok,prop_native,nglyc_ablated,0.91474,0.73333,2,5.15000,0.80750,3,0.59313,1,1,0,1
PglaA,SPalpA_pro,5p_softened,tandem_KEX2_pts1ok,prop_native,nglyc_ablated,0.91474,0.73333,2,5.15000,0.78200,3,0.58350,1,1,0,1
